alpha_pred,alpha_true,beta_pred,beta_true,spin,has_beta
8.1618,7.4102,6.6112,6.9209,1,0
6.2938,7.2207,6.3521,6.9209,1,0
8.5499,8.7467,8.9406,6.9209,1,0
7.8968,4.7746,6.7745,6.9209,1,0
10.0168,9.9091,6.6963,6.9209,1,0
8.1921,9.5519,6.5259,6.9209,1,0
6.7104,8.0791,6.6270,6.9209,1,0
7.7528,8.7110,6.1883,6.9209,1,0
6.6282,7.1458,5.2850,6.9209,1,0
4.2338,4.2041,7.0638,6.6387,2,1
5.7860,5.7423,6.0285,6.9209,1,0
9.9412,10.2570,7.2807,6.9209,1,0
9.5842,8.9108,4.7632,6.9209,1,0
6.0525,6.7429,5.5856,6.9209,1,0
7.5525,4.9904,6.1647,6.9209,1,0
7.7895,7.8258,6.5019,6.9209,1,0
7.7974,8.4656,6.5797,6.9209,1,0
8.4196,7.8924,5.7146,6.9209,1,0
7.2302,7.0928,6.4083,6.9209,1,0
8.7680,10.2968,5.7790,6.9209,1,0
7.3705,7.2802,5.8566,6.9209,1,0
7.6504,9.2251,5.6982,6.9209,1,0
8.0278,7.8196,6.5218,6.9209,1,0
4.7916,3.9504,7.6303,6.9209,1,0
7.0454,7.2761,6.4533,6.9209,1,0
6.5197,6.8739,6.2919,6.9209,1,0
11.0745,10.6995,6.7865,6.9209,1,0
6.4197,6.7127,6.8824,6.9209,1,0
6.3927,6.5449,7.6918,6.9209,1,0
6.9851,6.6349,6.4672,6.9209,1,0
7.6490,7.9079,6.4907,6.9209,1,0
7.3898,8.3805,6.4921,6.9209,1,0
7.8555,7.9824,6.2181,6.9209,1,0
8.0913,7.9456,5.9393,6.9209,1,0
9.6560,8.6676,7.0804,6.9209,1,0
8.2626,9.0474,6.5678,6.9209,1,0
9.0026,8.8359,8.2228,6.9209,1,0
7.3715,9.3005,6.5044,6.9209,1,0
10.7102,10.4601,7.6961,6.9209,1,0
10.2216,10.3768,6.7122,6.8987,2,1
11.0762,11.4577,4.0677,3.5571,2,1
6.8671,5.8193,7.6411,6.9209,1,0
8.0063,9.6826,6.4236,6.9209,1,0
9.8676,10.3308,6.2131,6.9209,1,0
6.8962,6.9342,6.2850,6.9209,1,0
9.2258,8.9155,7.5891,6.9209,1,0
9.4413,9.6196,6.9736,6.9209,1,0
5.8779,5.4911,7.4908,6.9209,1,0
9.0465,9.0907,7.7253,6.9209,1,0
7.8493,7.9752,6.9780,6.9209,1,0
8.2364,8.0088,5.9787,6.9209,1,0
5.0428,6.6816,7.7215,6.9209,1,0
8.6158,8.1745,6.5779,6.9209,1,0
2.6021,2.7070,6.1281,6.5140,2,1
9.5453,9.4506,5.4904,6.9209,1,0
10.4095,11.6133,6.2295,6.9209,1,0
6.1768,5.5637,6.9986,6.9209,1,0
9.7759,9.7887,7.7281,6.9209,1,0
8.9054,8.7508,5.8084,6.9209,1,0
10.0152,9.7606,8.6961,6.9209,1,0
7.8962,7.2532,6.6671,6.9209,1,0
9.7895,10.2620,6.6478,6.5576,2,1
5.6691,3.5990,8.1527,6.9209,1,0
8.1781,7.5223,5.9630,6.9209,1,0
6.3066,5.4584,6.1999,6.9209,1,0
8.6246,9.3815,6.8403,6.9209,1,0
7.5515,8.6970,6.1750,6.9209,1,0
7.6101,6.9959,5.6865,6.9209,1,0
8.9223,9.1745,7.2145,6.9209,1,0
7.8382,8.2173,5.9734,6.9209,1,0
10.4374,10.3406,8.2876,6.9209,1,0
6.5595,7.7365,6.4133,6.9209,1,0
8.6119,7.9017,6.0951,6.9209,1,0
7.7262,6.8280,6.0752,6.9209,1,0
8.3359,8.8812,6.1085,6.9209,1,0
8.2429,8.3427,6.9872,6.9209,1,0
10.2172,10.5274,8.0195,6.9209,1,0
6.9947,5.3121,6.5378,6.9209,1,0
6.9971,8.7712,9.6287,6.9209,1,0
10.4781,10.2001,6.5571,6.9209,1,0
11.8889,12.1917,5.4177,6.9209,1,0
9.2171,9.0945,5.5149,6.9209,1,0
9.7264,9.5051,6.7546,6.9209,1,0
8.0171,7.2181,6.4640,6.9209,1,0
7.3602,9.5367,5.8508,6.9209,1,0
9.0734,8.8530,8.8591,6.9209,1,0
7.7935,9.2718,6.1907,6.9209,1,0
8.5537,8.3622,8.6046,6.9209,1,0
5.6856,5.3267,8.0091,6.9209,1,0
9.4231,8.9868,6.6605,6.9209,1,0
9.7878,10.4281,8.8045,6.9209,1,0
8.0017,7.9160,7.8245,6.9209,1,0
9.0027,9.0338,5.5281,6.9209,1,0
7.6619,7.6599,6.5959,6.9209,1,0
9.1777,11.2203,6.9556,6.4974,2,1
7.6082,7.8603,7.1424,6.9209,1,0
7.5897,7.8597,5.9703,6.9209,1,0
9.2959,9.6320,6.3667,6.9209,1,0
8.1416,5.1744,5.8145,6.9209,1,0
10.1194,9.8208,9.0681,6.9209,1,0
10.0275,10.0472,6.8496,6.9209,1,0
9.7387,9.6018,6.0660,6.9209,1,0
8.8304,8.3491,5.4466,6.9209,1,0
6.7475,6.7126,6.1138,6.9209,1,0
8.0804,9.2043,6.6729,6.9209,1,0
7.7910,6.8802,6.4389,6.9209,1,0
8.9777,9.6245,7.8216,6.9209,1,0
11.4453,3.9725,5.6441,12.7541,2,1
8.4462,8.5212,7.0868,6.9209,1,0
8.9669,9.8203,8.9126,6.9209,1,0
7.8851,7.3768,5.8088,6.9209,1,0
8.6704,9.0373,8.4207,6.9209,1,0
10.0432,9.0787,6.9217,6.9209,1,0
9.2528,9.5798,6.6336,6.9209,1,0
7.8513,7.0392,6.1826,6.9209,1,0
9.5427,9.9575,7.7736,6.9209,1,0
1.0376,0.9048,7.3525,6.9209,1,0
8.7158,8.4002,7.1289,6.9209,1,0
11.7043,12.4748,3.7770,6.9209,1,0
9.3422,9.0146,5.3978,6.9209,1,0
10.4512,10.6726,6.2982,6.9209,1,0
6.8773,6.2101,7.2450,6.9209,1,0
8.6983,9.8192,9.8824,6.9209,1,0
9.0830,2.2578,6.0746,9.0620,2,1
8.9321,8.1798,6.3658,6.9209,1,0
9.8597,10.6224,5.6112,5.7291,2,1
12.1602,12.1361,5.4433,6.9209,1,0
9.2785,10.2190,5.6201,6.9209,1,0
8.7105,9.9467,7.0540,6.9209,1,0
9.2936,9.5273,7.1740,6.9209,1,0
7.0567,8.8685,6.6075,6.9209,1,0
9.0970,10.6487,5.0421,4.9506,2,1
7.7991,7.7658,6.4174,6.9209,1,0
6.5470,6.7630,6.3700,6.9209,1,0
9.6169,9.1505,9.4325,6.9209,1,0
8.2564,2.7627,6.4301,8.7355,2,1
8.9956,9.5679,5.6611,6.9209,1,0
8.9749,9.5883,7.3162,6.9209,1,0
8.0838,8.4505,5.7401,6.9209,1,0
11.5000,11.7417,5.4821,6.9209,1,0
8.1579,6.9119,6.2055,6.9209,1,0
10.1972,10.0570,7.3902,6.9209,1,0
9.3573,9.1248,6.9094,6.9209,1,0
8.5974,8.5111,7.0490,6.9209,1,0
7.0620,6.6196,5.3797,6.9209,1,0
8.1802,7.4233,6.1733,6.9209,1,0
6.0841,6.3656,5.4502,6.9209,1,0
6.8126,5.1571,6.6511,6.9209,1,0
7.1217,8.2936,6.7644,6.9209,1,0
9.4813,8.9082,4.8715,3.1922,2,1
7.9633,6.5673,6.3633,6.9209,1,0
8.0405,8.8929,6.1432,6.9209,1,0
4.6951,5.3356,6.6202,6.9209,1,0
8.3861,9.0344,6.7683,6.9209,1,0
12.0929,11.8484,5.7682,6.9209,1,0
9.1971,8.9076,7.8196,6.9209,1,0
10.1166,9.7164,7.4402,6.9209,1,0
6.6306,6.9695,8.0136,6.9209,1,0
9.5117,10.3679,7.0624,6.9209,1,0
9.6193,9.8896,6.8248,6.9209,1,0
7.5827,7.7410,6.2600,6.9209,1,0
9.5948,9.7309,8.0129,6.9209,1,0
7.4427,7.8912,6.5825,6.9209,1,0
11.6384,11.1985,6.7510,6.9209,1,0
8.2309,8.2337,6.7250,6.9209,1,0
10.0947,10.1171,7.2106,6.9209,1,0
10.2486,9.9030,5.1283,6.9209,1,0
9.3749,8.9760,6.9256,6.9209,1,0
10.6074,11.1050,5.8408,6.9209,1,0
6.7421,7.3648,6.4573,6.9209,1,0
7.2355,7.3247,6.1925,6.9209,1,0
9.0257,9.1700,6.7407,6.9209,1,0
9.3867,9.2748,7.7986,6.9209,1,0
7.6302,7.8315,6.5275,6.9209,1,0
1.2412,0.5681,7.5097,6.9209,1,0
3.6666,3.1550,8.2313,6.9209,1,0
11.0124,10.7620,6.6782,6.9209,1,0
9.5564,9.7706,7.4055,6.9209,1,0
7.2459,7.4984,5.8219,6.9209,1,0
5.6931,4.4970,7.2298,6.9209,1,0
8.8329,9.3793,6.0125,6.9209,1,0
8.8316,9.0728,7.7925,6.9209,1,0
9.4457,10.2555,5.7530,6.9209,1,0
6.5444,6.8224,6.2945,6.9209,1,0
6.4982,6.9110,6.4878,6.9209,1,0
9.0871,9.0036,7.5052,6.9209,1,0
7.8927,8.2329,6.2842,6.9209,1,0
8.7115,9.9539,9.2424,6.9209,1,0
9.2954,9.2323,6.9349,6.9209,1,0
8.5873,8.6223,6.1945,6.9209,1,0
8.4062,8.3953,5.8344,6.9209,1,0
7.9352,8.3734,6.5384,6.9209,1,0
7.1447,6.7070,6.6135,6.9209,1,0
7.4320,8.0121,6.8714,6.9209,1,0
9.6077,9.7948,7.6143,6.9209,1,0
0.6686,0.7420,7.6877,6.9209,1,0
9.4494,9.5595,5.5916,6.9209,1,0
8.9124,8.9499,8.9669,6.9209,1,0
7.7169,8.2717,6.0260,6.9209,1,0
8.0004,8.8401,5.4565,6.9209,1,0
11.5320,11.3588,7.3882,6.9209,1,0
9.0864,8.9301,5.3538,6.9209,1,0
7.3074,6.8977,6.3235,6.9209,1,0
8.0579,8.5554,8.4506,6.9209,1,0
7.5164,5.5144,6.2671,6.9209,1,0
9.6150,9.1535,8.6593,6.9209,1,0
10.2590,9.6028,7.8004,6.9209,1,0
7.0495,7.0063,9.3998,9.3310,2,1
6.5892,6.6655,6.4410,6.9209,1,0
8.7069,9.0970,8.3663,6.9209,1,0
3.7961,3.4181,7.0736,6.9209,1,0
9.3878,9.7864,4.9951,6.9209,1,0
7.8282,8.7621,5.8140,6.9209,1,0
10.9652,11.3600,8.0079,6.9209,1,0
5.6880,5.7953,6.9845,6.9209,1,0
8.1731,8.2457,7.5851,6.9209,1,0
10.5604,10.4306,6.6104,6.9209,1,0
6.7112,6.4939,5.4630,6.9209,1,0
9.3370,6.6662,6.5229,6.9209,1,0
3.2194,2.9178,8.7475,9.7874,2,1
8.5266,9.6313,6.6421,6.9209,1,0
11.5594,11.8604,6.4147,6.9209,1,0
9.5900,9.9900,5.1425,6.9209,1,0
7.3637,5.3189,6.6812,6.9209,1,0
9.1621,7.9156,5.9556,6.9209,1,0
7.6646,8.8395,6.3219,6.9209,1,0
7.9794,7.4926,7.1389,6.9209,1,0
10.2049,10.7550,5.0461,6.9209,1,0
7.8874,8.9220,6.2064,6.9209,1,0
7.2062,8.6732,6.2253,6.9209,1,0
9.1858,9.3527,8.1941,6.9209,1,0
9.8794,10.0996,8.1465,6.9209,1,0
7.3928,7.1872,5.6556,6.9209,1,0
6.5127,4.0472,6.9645,6.9209,1,0
7.4137,7.6558,6.8002,6.9209,1,0
5.1363,4.4838,6.7566,6.9209,1,0
7.8000,6.3590,5.6238,6.9209,1,0
8.0671,9.2594,6.4238,6.9209,1,0
1.2844,0.8626,7.4799,6.9209,1,0
9.5991,4.2131,8.0685,11.6404,2,1
9.0402,8.6694,7.3222,6.9209,1,0
6.6321,8.0050,7.6522,6.9209,1,0
11.1851,11.1401,5.9318,6.0169,2,1
10.8365,11.0636,4.6805,6.9209,1,0
7.1235,7.8015,6.3970,6.9209,1,0
6.1901,6.0273,6.7888,6.9209,1,0
9.7167,9.4240,3.9812,6.9209,1,0
9.1165,12.2581,5.4489,4.7657,2,1
7.5216,6.9626,6.5105,6.9209,1,0
9.7627,10.0460,7.5032,6.9209,1,0
8.5578,9.1256,6.3907,6.9209,1,0
9.7461,10.7693,4.3704,6.9209,1,0
7.2734,7.0358,6.2399,6.9209,1,0
8.2976,9.0549,6.4337,6.9209,1,0
9.7781,9.4872,8.4857,6.9209,1,0
7.7010,7.8083,6.3066,6.9209,1,0
10.8938,10.6410,7.8260,8.0723,2,1
9.7389,9.6405,5.9969,6.9209,1,0
10.4117,10.5829,7.4477,6.9209,1,0
2.7300,2.9310,9.5687,9.8803,2,1
2.4573,3.0357,9.1292,8.9705,2,1
9.4859,9.8945,5.3267,6.9209,1,0
8.0578,8.3368,6.5147,6.9209,1,0
8.4930,8.9417,6.1490,6.9209,1,0
7.6197,7.4524,6.2045,6.9209,1,0
8.8162,5.7629,5.4771,6.9209,1,0
8.7482,10.0597,7.4807,6.9209,1,0
7.4845,7.1130,6.2203,6.9209,1,0
10.3524,10.6960,7.7810,6.9209,1,0
6.1518,6.1851,5.3895,6.9209,1,0
6.0826,6.4498,5.8155,6.9209,1,0
7.8050,8.0917,7.3027,6.9209,1,0
6.7836,6.5695,6.7074,6.9209,1,0
9.3592,10.0685,5.8561,6.9209,1,0
9.6773,4.0843,8.1747,10.3401,2,1
8.8028,8.1030,5.8325,6.9209,1,0
11.1549,11.5047,5.6688,6.9209,1,0
11.1401,11.6474,6.5173,6.9209,1,0
7.9038,8.0516,6.9965,6.9209,1,0
9.2697,9.7852,7.1757,6.9209,1,0
9.1349,9.9596,6.9158,7.3063,2,1
9.2004,10.0796,8.4469,6.9209,1,0
9.7052,9.1246,7.7052,6.9209,1,0
5.3270,6.3100,6.2291,6.9209,1,0
7.3319,6.3136,5.9779,6.9209,1,0
6.7045,10.8860,9.7517,6.9209,1,0
8.5316,8.6685,6.5895,6.9209,1,0
8.4947,7.0235,8.1663,6.9209,1,0
10.1471,9.5133,6.5407,6.9209,1,0
6.4128,6.8789,8.7151,6.9209,1,0
7.5597,7.3521,6.4715,6.9209,1,0
10.8826,11.0364,6.3884,6.9209,1,0
7.1921,8.0592,6.6208,6.9209,1,0
7.8132,6.4862,6.2963,6.9209,1,0
6.0906,7.0022,7.0089,6.9209,1,0
8.0668,8.3079,6.6326,6.9209,1,0
9.7815,9.9617,7.1494,6.9209,1,0
6.1456,3.5890,5.8472,6.9209,1,0
8.4126,8.1002,5.9685,6.9209,1,0
8.5184,8.7464,6.3930,6.9209,1,0
6.7828,7.4893,6.5378,6.9209,1,0
8.8446,9.2311,6.8713,6.9209,1,0
7.8667,8.2232,7.4934,6.9209,1,0
7.1074,9.3030,6.1248,6.9209,1,0
6.1264,7.4280,5.2666,4.7738,2,1
9.7624,9.9347,7.4741,6.9209,1,0
12.5452,12.6250,4.1704,6.9209,1,0
8.0819,7.9863,5.4883,6.9209,1,0
7.8925,8.8527,6.8177,6.9209,1,0
7.7512,7.1456,7.7711,6.9209,1,0
9.7352,9.8663,7.2569,6.9209,1,0
8.4989,6.4118,6.1354,6.9209,1,0
9.4024,8.9327,6.9972,6.9209,1,0
10.5915,10.7600,7.1815,6.9209,1,0
8.7080,8.1188,5.5705,6.9209,1,0
8.1897,7.5126,5.9860,6.9209,1,0
5.1188,7.0452,7.1932,6.9209,1,0
6.6252,1.0086,6.5428,6.9209,1,0
7.0839,7.1700,6.3994,6.9209,1,0
11.1285,11.5726,5.2445,6.9209,1,0
9.7538,9.5480,7.9284,6.9209,1,0
7.9597,7.7628,6.2082,6.9209,1,0
9.5005,9.2201,6.6540,6.9209,1,0
8.9020,7.6994,5.5172,6.9209,1,0
9.9866,10.1552,6.4057,6.3823,2,1
8.6679,8.5517,5.7374,6.9209,1,0
7.1170,8.7035,6.5272,6.9209,1,0
7.3667,7.8403,5.5459,6.9209,1,0
7.4101,7.2891,6.3798,6.9209,1,0
8.7619,6.2182,5.2325,6.9209,1,0
9.2064,2.7432,5.6813,8.7825,2,1
11.8210,11.9289,6.1850,7.8646,2,1
9.5425,8.9328,5.6980,6.9209,1,0
7.7554,8.5952,5.5291,6.9209,1,0
5.7629,0.7461,7.1547,6.9209,1,0
11.3376,11.1309,4.9415,6.9209,1,0
9.6107,9.4964,6.1231,5.5955,2,1
7.9432,8.8217,6.7015,6.9209,1,0
9.2693,9.4522,7.4749,6.9209,1,0
6.6525,6.6520,5.9593,6.9209,1,0
7.3821,8.4890,6.6959,6.9209,1,0
9.8096,10.1667,6.5886,6.9209,1,0
7.7328,7.3735,6.0584,6.9209,1,0
2.2862,1.8530,9.4228,8.1912,2,1
6.1950,6.9009,6.8484,6.9209,1,0
9.9521,9.6449,7.2857,6.9209,1,0
6.9896,5.8786,6.1834,6.9209,1,0
8.3327,8.2822,6.1328,6.9209,1,0
10.4981,10.2717,8.0511,6.9209,1,0
8.2165,9.2324,6.1644,6.9209,1,0
7.6052,7.7807,6.3362,6.9209,1,0
8.0440,7.2452,5.9066,6.9209,1,0
7.0594,7.0312,5.5885,6.9209,1,0
6.0783,5.5235,6.2793,6.9209,1,0
8.4137,9.1142,5.3429,6.9209,1,0
8.5653,9.3564,5.7932,6.9209,1,0
9.3027,8.6755,7.3410,6.9209,1,0
8.9737,8.6346,6.7534,6.9209,1,0
7.4569,3.5160,5.7994,6.9209,1,0
7.8520,7.9206,6.0182,6.9209,1,0
8.5857,8.3368,8.8838,6.9209,1,0
6.1157,6.8665,6.7055,6.9209,1,0
5.9617,7.6054,7.7461,6.9209,1,0
9.8699,9.9211,6.9348,6.9209,1,0
9.1843,6.2122,6.7864,6.5207,2,1
10.6861,11.1306,5.2903,6.9209,1,0
7.9551,7.3115,6.4863,6.9209,1,0
8.0821,8.1918,6.4974,6.9209,1,0
9.0230,9.1605,8.2320,6.9209,1,0
1.1608,2.4166,7.3868,8.5405,2,1
9.8732,9.3951,5.8720,6.9209,1,0
8.9434,10.9350,4.3317,5.7343,2,1
6.2093,6.3510,7.3604,6.9209,1,0
7.0202,7.5742,6.3433,6.9209,1,0
8.2003,8.3653,6.0529,6.9209,1,0
5.9188,5.3303,6.6014,6.9209,1,0
0.9438,0.6374,7.5225,6.9209,1,0
7.9316,8.4775,6.9202,6.9209,1,0
7.8646,8.2590,6.3333,6.9209,1,0
10.6756,10.3637,7.2632,6.9209,1,0
8.3099,1.2400,6.2278,6.9209,1,0
6.8673,6.8164,6.3498,6.9209,1,0
12.3717,12.5548,5.1646,6.9209,1,0
6.9495,6.1443,7.9915,6.9209,1,0
8.1610,7.1324,6.1303,6.9209,1,0
9.4898,11.0513,4.2309,6.9209,1,0
8.7763,9.0463,6.1820,6.9209,1,0
6.9930,6.8447,5.7372,6.9209,1,0
10.1687,9.6782,6.9851,6.6162,2,1
8.1636,9.0820,6.2412,6.9209,1,0
8.3618,6.4437,5.9373,6.9209,1,0
9.3536,6.1916,7.6685,6.9209,1,0
9.5498,9.5204,7.0737,6.9209,1,0
6.8076,6.1613,7.2287,6.9209,1,0
7.9013,9.2193,6.7031,6.9209,1,0
9.1557,8.0686,7.4084,6.9209,1,0
8.9501,9.5083,7.5164,6.9621,2,1
7.2899,5.0610,5.9047,6.9209,1,0
5.6598,3.7330,6.4297,6.9209,1,0
6.5810,6.5723,6.5277,6.9209,1,0
9.7538,8.8605,6.6986,6.9209,1,0
10.8453,11.2360,4.5197,6.9209,1,0
8.4494,8.7616,6.3495,6.9209,1,0
8.4525,9.2299,6.4360,6.9209,1,0
8.0294,7.9991,5.8602,6.9209,1,0
8.4203,8.2820,6.5321,6.9209,1,0
3.0193,2.9282,8.3270,9.6242,2,1
7.5255,8.3736,6.3119,6.9209,1,0
5.4554,4.7499,6.3910,6.9209,1,0
9.0827,9.5281,6.2817,6.9209,1,0
10.4875,10.3840,7.5550,6.9209,1,0
8.4633,5.5595,5.8013,6.9209,1,0
11.8461,11.7242,5.0072,6.9209,1,0
10.5212,10.7821,6.8036,6.9209,1,0
10.0660,10.1510,4.7872,6.9209,1,0
8.6348,9.1970,6.3004,6.9209,1,0
9.5136,10.7365,7.1817,6.9209,1,0
7.6166,7.8152,6.8926,6.9209,1,0
4.7013,3.7574,9.1933,7.9142,2,1
6.4491,5.1712,6.8492,6.9209,1,0
11.1748,11.3879,7.2368,6.9209,1,0
8.3587,10.2940,6.5699,6.9209,1,0
8.5667,8.5462,6.4872,6.9209,1,0
10.9360,11.5362,6.3751,6.9209,1,0
8.0985,6.9763,6.8201,6.9209,1,0
7.6656,7.9260,6.9053,6.9209,1,0
7.5144,6.6364,6.4682,6.9209,1,0
7.0519,5.7622,6.4407,6.9209,1,0
9.3157,9.4246,6.5367,6.9209,1,0
11.7434,11.9792,4.5910,6.9209,1,0
10.9178,10.9292,6.4583,6.9209,1,0
7.3636,7.6953,6.4569,6.9209,1,0
8.8246,9.5728,5.9419,6.9209,1,0
8.5204,8.7235,7.4491,6.9209,1,0
10.8446,10.8876,5.5771,6.9209,1,0
9.2743,10.1542,8.2446,6.9209,1,0
7.7447,7.3433,5.5517,6.9209,1,0
7.5356,8.4338,6.3428,6.9209,1,0
9.0327,9.4207,7.4795,6.9209,1,0
9.5024,10.4945,8.7861,6.9209,1,0
7.2782,7.5071,6.3522,6.9209,1,0
9.4232,8.9019,5.0420,6.9209,1,0
8.9857,10.9581,9.1055,7.1922,2,1
9.6509,9.0209,4.8463,6.9209,1,0
10.2528,10.7864,5.6483,6.1276,2,1
6.8873,8.0694,6.1778,6.9209,1,0
9.3151,9.5190,6.3249,6.9209,1,0
7.9038,7.5987,6.0644,6.9209,1,0
10.2323,9.6363,5.7787,6.9209,1,0
9.3064,9.6518,5.7637,6.9209,1,0
7.2804,7.8449,5.8298,6.9209,1,0
7.0796,8.9722,6.5273,6.9209,1,0
9.2937,8.5199,5.5171,6.9209,1,0
8.3016,6.7611,6.2012,6.9209,1,0
8.7551,8.8365,6.0202,6.9209,1,0
8.2759,8.1884,6.5918,6.9209,1,0
7.0817,6.7211,6.8645,6.9209,1,0
8.3499,8.2422,7.0862,6.9209,1,0
7.8669,7.2911,5.7214,6.9209,1,0
5.9648,9.5666,7.8913,6.9209,1,0
9.4807,9.9199,5.2316,6.9209,1,0
9.3822,8.2464,5.9680,6.9209,1,0
9.6538,9.5449,6.8678,6.9209,1,0
8.4035,9.5685,5.7963,6.9209,1,0
12.5622,12.4345,4.2821,6.9209,1,0
7.8974,7.4851,6.5690,6.9209,1,0
7.2571,8.1593,8.0738,6.9209,1,0
9.0897,9.0346,7.5213,6.9209,1,0
8.3086,5.0006,6.1340,6.9209,1,0
7.3886,7.7969,7.0187,6.9209,1,0
9.0549,8.8011,7.1289,6.9209,1,0
8.4210,8.5656,5.3328,6.9209,1,0
7.8031,8.5709,6.7763,6.9209,1,0
10.7072,10.3134,7.4279,6.9209,1,0
8.0455,9.0483,5.0709,6.6140,2,1
9.1086,9.0675,7.7435,6.9209,1,0
7.7802,6.8975,5.9878,6.9209,1,0
9.7145,10.5023,5.8650,6.9209,1,0
9.2988,8.7324,6.2571,6.9209,1,0
7.3646,7.4882,6.2252,6.9209,1,0
6.3295,7.5291,6.8987,6.9209,1,0
12.7713,12.8445,4.5290,6.9209,1,0
7.0122,7.5864,7.6919,6.9209,1,0
9.1016,9.2018,8.5782,6.9209,1,0
8.8457,8.1515,6.5631,6.9209,1,0
9.7481,9.8934,6.4703,6.9209,1,0
7.9337,7.2142,6.2147,6.9209,1,0
2.8592,2.3145,7.1474,6.7867,2,1
10.4596,10.7704,6.7844,6.9209,1,0
10.0184,10.1891,9.0320,6.9209,1,0
7.0505,7.2494,6.5317,6.9209,1,0
10.6408,10.1860,7.5487,6.9209,1,0
9.4302,8.6279,8.7816,6.9209,1,0
9.6667,8.8662,5.3957,6.9209,1,0
7.6849,7.6669,6.4843,6.9209,1,0
8.6441,9.0326,8.4959,6.9209,1,0
6.1528,5.9582,7.0475,6.9209,1,0
7.7352,8.0465,6.5578,6.9209,1,0
10.1401,10.2227,6.9310,6.9209,1,0
3.2093,3.7763,6.0532,6.9209,1,0
10.1614,10.7288,4.5885,6.9209,1,0
9.1261,10.2666,8.7611,6.6873,2,1
9.8682,10.0018,7.8241,6.9209,1,0
4.7559,4.4892,6.8489,6.8194,2,1
8.5903,8.9520,7.9283,6.9209,1,0
5.3145,6.8351,7.1758,6.9209,1,0
6.0337,5.9276,4.5112,6.9209,1,0
7.2156,7.3781,7.9901,6.9209,1,0
10.0523,9.7707,6.5204,6.9209,1,0
10.0033,10.0126,6.8685,6.9209,1,0
8.2670,8.2839,6.1740,6.9209,1,0
10.0898,10.0865,7.0021,6.9209,1,0
6.3547,5.5398,5.1903,6.9209,1,0
11.3022,11.7650,5.7857,6.9209,1,0
8.5230,8.7978,8.2726,6.9209,1,0
11.7312,12.5759,5.7852,5.8348,2,1
9.2680,9.3139,7.7536,6.9209,1,0
6.6366,7.1646,5.7597,6.9209,1,0
5.8086,6.0734,6.1846,6.9209,1,0
9.0744,8.0259,5.5965,6.9209,1,0
7.1181,7.2664,7.7672,6.9209,1,0
5.9972,6.5102,7.2309,6.9209,1,0
9.2010,9.5464,6.5709,6.9209,1,0
8.5806,2.8789,5.8641,6.9209,1,0
7.4233,7.9437,7.4791,6.9209,1,0
9.0534,9.7679,6.1893,6.9209,1,0
9.0945,9.1001,9.2312,6.9209,1,0
10.7999,10.0978,7.2771,6.9209,1,0
10.1219,10.0639,6.8882,6.9209,1,0
7.2826,7.3345,6.2323,6.9209,1,0
11.7837,11.3954,5.4201,6.9209,1,0
8.7107,8.7875,5.6677,6.9209,1,0
11.1999,11.3610,6.2100,6.9209,1,0
9.5081,7.6151,5.8262,6.9209,1,0
9.0318,9.6957,8.3115,6.9209,1,0
7.7107,7.2019,6.2609,6.9209,1,0
6.8603,7.5754,6.5297,6.9209,1,0
5.7031,5.8104,7.7899,6.9209,1,0
9.0962,12.3148,7.3796,7.9958,2,1
9.2442,9.2547,6.8936,6.9209,1,0
8.0261,8.6979,7.0678,6.9209,1,0
7.4855,7.0718,6.1589,6.9209,1,0
6.4876,4.5853,6.3693,6.9209,1,0
9.1852,8.6233,6.2506,6.9209,1,0
7.9750,8.2088,5.7847,6.9209,1,0
12.6690,12.8638,4.2298,6.9209,1,0
11.2967,11.0634,7.0780,6.9209,1,0
10.0959,9.1935,7.1068,6.9209,1,0
5.4641,5.8290,6.7001,6.9209,1,0
8.2257,7.6679,6.9044,6.9209,1,0
7.5959,8.2498,7.0025,6.9209,1,0
3.6479,3.8418,10.2919,9.8524,2,1
6.5135,7.3198,6.9878,6.9209,1,0
6.7806,6.2355,6.1284,6.9209,1,0
7.5882,7.7254,6.8480,6.9209,1,0
8.1295,8.3185,6.4632,6.9209,1,0
9.4695,9.5199,6.2864,6.9209,1,0
9.1829,4.0973,7.2365,9.5561,2,1
9.6713,9.3865,8.5082,6.9209,1,0
9.6378,9.9797,9.0921,6.9209,1,0
8.1094,6.9113,6.3334,6.9209,1,0
9.7743,9.8628,4.6866,6.9209,1,0
6.9557,6.5142,6.9532,6.9209,1,0
7.4319,8.2987,6.5385,6.9209,1,0
10.8765,10.6553,5.7791,6.0491,2,1
7.4830,5.9198,5.8813,6.9209,1,0
10.1782,4.3029,7.0749,11.4608,2,1
11.3703,10.6192,5.7832,6.9209,1,0
8.1855,8.1937,6.1099,6.9209,1,0
4.4866,2.7838,8.2208,6.5424,2,1
9.6582,9.6532,7.5341,6.9209,1,0
10.1287,10.1003,7.0253,8.0022,2,1
9.1484,9.0527,5.8128,6.9209,1,0
8.3460,8.1140,6.2871,6.9209,1,0
7.9508,7.4074,6.1258,6.9209,1,0
7.9081,7.8864,6.7463,6.9209,1,0
5.6331,4.6395,5.8583,6.9209,1,0
8.3018,6.9368,6.5061,6.9209,1,0
7.4743,7.8080,6.8617,6.9209,1,0
8.9064,9.5170,5.9295,6.9209,1,0
8.8339,7.7849,6.7606,6.9209,1,0
9.8857,9.5847,7.1502,6.9209,1,0
10.0017,9.9056,7.0348,6.9209,1,0
10.3776,9.8820,7.1305,6.9209,1,0
8.2575,9.5665,6.4271,6.9209,1,0
7.4786,7.1325,6.5127,6.9209,1,0
7.9253,7.1637,5.8839,6.9209,1,0
3.7258,1.7309,7.8708,7.7852,2,1
7.6154,8.6706,8.5801,6.9209,1,0
8.8295,7.9810,6.9693,6.9209,1,0
2.9573,3.3167,6.6025,7.2767,2,1
7.9496,7.3518,6.2208,6.9209,1,0
5.9812,6.2433,7.0029,6.9209,1,0
10.7003,10.4522,6.3567,6.9209,1,0
9.9320,9.6808,7.2410,6.9209,1,0
9.8863,9.6893,8.9998,6.9209,1,0
7.8152,7.4603,6.8060,6.9209,1,0
7.5701,6.6602,6.8600,6.9209,1,0
8.0034,7.9621,9.5550,6.9209,1,0
9.6850,10.1705,8.3574,6.9209,1,0
10.2144,6.5972,7.4162,6.9209,1,0
6.7446,5.4126,6.3636,6.9209,1,0
7.1455,8.2512,6.6265,6.9209,1,0
8.3646,6.7267,5.4900,6.9209,1,0
11.2161,10.8003,6.0479,5.9712,2,1
9.2120,9.1254,8.0005,6.9209,1,0
9.8578,9.8575,6.9400,6.9209,1,0
9.2810,10.3478,3.9266,6.9209,1,0
7.8558,7.8967,6.1710,6.9209,1,0
7.8402,8.1292,6.7718,6.9209,1,0
8.7901,6.1293,5.6045,6.9209,1,0
6.0874,8.3891,7.8203,6.9209,1,0
10.4145,9.9231,6.5281,6.9209,1,0
7.4140,8.5912,6.4590,6.9209,1,0
8.0085,7.3270,6.7172,6.9209,1,0
7.6067,8.2297,6.7671,6.9209,1,0
6.5061,5.7549,7.6199,6.9209,1,0
9.0686,8.9048,6.2426,6.9209,1,0
8.0791,8.6955,6.4179,6.9209,1,0
9.1153,9.0642,5.5483,6.9209,1,0
8.8423,8.5855,5.8924,6.9209,1,0
8.4001,7.2462,6.1381,6.9209,1,0
10.9290,8.5295,6.9079,4.4509,2,1
10.0326,9.4104,7.7800,6.9209,1,0
7.7668,8.1173,6.2752,6.9209,1,0
11.2441,11.6673,6.0802,6.9209,1,0
7.9071,8.6640,5.6807,6.9209,1,0
10.1309,9.6946,6.1416,6.9209,1,0
8.7830,9.2953,5.8972,6.9209,1,0
8.1304,9.3198,7.3360,6.9209,1,0
10.0021,9.3588,6.3416,6.9209,1,0
9.8194,9.7427,5.7532,6.9209,1,0
7.0045,7.0362,5.4575,6.9209,1,0
5.2843,8.7072,6.6183,6.9209,1,0
7.5455,8.1581,6.4716,6.9209,1,0
5.2186,5.7215,5.9925,6.9209,1,0
10.3339,10.5631,6.7027,8.3847,2,1
7.6419,8.0554,6.3698,6.9209,1,0
6.4709,6.7508,5.1543,6.9209,1,0
7.9172,8.7525,6.7190,6.9209,1,0
6.3611,2.3650,7.3670,8.4190,2,1
7.5593,7.6360,6.1538,6.9209,1,0
6.1286,3.8997,5.8222,6.9209,1,0
8.4272,9.2416,6.0628,6.9209,1,0
7.4534,7.7735,6.2645,6.9209,1,0
11.0595,11.2959,6.7761,6.9209,1,0
8.1414,7.7506,7.0711,6.9209,1,0
7.3012,7.5390,6.2930,6.9209,1,0
9.1154,9.1988,5.7012,6.9209,1,0
9.4587,9.2835,9.0622,6.9209,1,0
10.1212,9.4167,7.4059,6.9209,1,0
6.8531,7.0446,5.9846,6.9209,1,0
9.9086,10.0417,6.1497,6.1615,2,1
8.4035,8.6494,6.5158,6.9209,1,0
8.7536,7.9021,5.6192,6.9209,1,0
7.4143,7.1389,6.7187,6.9209,1,0
7.0116,6.0899,6.1709,6.9209,1,0
9.4697,9.3529,8.8018,6.9209,1,0
7.5670,8.2591,6.1060,6.9209,1,0
7.1468,7.9476,6.6505,6.9209,1,0
6.4932,6.7855,7.0137,6.9209,1,0
6.9997,7.2347,5.8957,6.9209,1,0
9.4970,9.2586,5.9999,6.0622,2,1
8.0280,5.9141,7.5272,6.9209,1,0
9.1065,9.4931,8.4804,6.9209,1,0
11.1938,10.5964,5.1972,6.9209,1,0
7.7658,7.5845,6.6123,6.9209,1,0
4.7666,3.6376,8.9501,6.9209,1,0
7.8615,8.0405,7.0141,6.9209,1,0
10.4000,10.0406,6.1404,6.9209,1,0
11.1219,11.3993,6.5596,6.9209,1,0
6.2654,6.7843,6.4648,6.9209,1,0
8.6944,8.4989,5.4234,6.9209,1,0
9.6353,9.9281,6.0912,6.9209,1,0
9.6704,10.0587,5.0909,6.9209,1,0
7.8581,7.8892,6.3273,6.9209,1,0
7.8342,8.9953,5.4393,5.1728,2,1
9.7956,9.7236,5.9990,6.9209,1,0
9.4987,9.9386,7.2092,6.9209,1,0
9.0741,9.4571,6.5962,6.9209,1,0
12.2005,12.7366,4.5933,6.9209,1,0
12.0707,11.8309,5.5279,6.9209,1,0
6.6404,5.0761,6.3858,6.9209,1,0
8.6335,6.3734,6.5179,6.9209,1,0
8.3954,9.2732,6.6518,6.9209,1,0
7.5535,7.6614,6.2680,6.9209,1,0
9.0149,9.3888,6.5615,6.9209,1,0
8.0545,7.9641,5.3516,6.9209,1,0
11.2916,11.0711,5.8038,6.9209,1,0
8.7918,8.7500,7.6955,6.9209,1,0
9.0364,9.1986,6.0097,6.9209,1,0
9.3760,6.4223,7.2107,6.9209,1,0
8.4958,7.8546,6.1557,6.9209,1,0
8.0066,6.7592,6.3825,6.9209,1,0
8.3450,7.3036,9.0839,6.9209,1,0
9.1687,9.4920,7.6197,6.9209,1,0
9.5947,6.3731,6.0718,6.9209,1,0
7.9592,7.2549,6.2436,6.9209,1,0
7.5262,7.9889,6.4445,6.9209,1,0
11.2126,11.7128,5.8363,6.9209,1,0
6.8125,6.0601,6.4822,6.9209,1,0
5.6788,4.7568,5.9202,6.9209,1,0
6.8602,3.3742,6.9684,6.9209,1,0
9.7821,9.1051,7.0106,6.9209,1,0
9.5462,8.7251,7.6333,6.9209,1,0
8.6483,8.7802,6.6914,6.9209,1,0
8.6759,8.5900,6.2313,6.9209,1,0
8.6692,8.5480,7.6518,6.9209,1,0
7.8626,8.5143,6.7712,6.9209,1,0
3.7713,3.2716,7.6047,7.1841,2,1
11.6355,11.5858,7.0941,6.9209,1,0
8.2666,8.2415,6.7510,6.9209,1,0
6.6217,5.2394,8.9513,6.9209,1,0
7.9217,8.2788,6.7125,6.9209,1,0
8.0513,9.2991,7.2962,6.9209,1,0
8.2440,9.2660,6.9070,6.9209,1,0
9.3997,9.5323,8.2922,6.9209,1,0
10.9522,11.6761,7.3643,6.9209,1,0
8.3235,8.3776,6.7434,6.9209,1,0
8.2450,7.0438,6.3181,6.9209,1,0
7.9548,8.5254,6.7821,6.9209,1,0
9.1291,9.1081,5.9869,6.9209,1,0
1.5422,1.2811,7.5159,6.9209,1,0
9.7112,9.8240,5.7042,6.9209,1,0
8.2801,5.7499,6.4749,6.9209,1,0
7.6781,6.8206,6.3313,6.9209,1,0
2.5019,2.3555,9.5911,9.0152,2,1
8.3953,8.9269,6.3416,6.9209,1,0
7.2248,7.8411,5.8926,6.9209,1,0
8.2521,8.1358,6.6302,6.9209,1,0
7.0833,5.8792,7.1440,6.9209,1,0
9.3978,8.9072,5.9142,6.9209,1,0
8.0214,7.9968,7.2901,6.9209,1,0
8.1762,7.4830,6.7786,6.9209,1,0
8.2375,8.9455,6.5992,6.9209,1,0
9.3743,8.8683,6.2389,6.9209,1,0
7.3038,8.3326,6.6654,6.9209,1,0
5.1291,5.0951,7.4520,6.9209,1,0
7.8285,6.0120,8.0950,6.9209,1,0
8.6626,10.5050,5.2977,6.9210,2,1
5.6103,8.2033,6.9494,6.9209,1,0
9.5003,9.3780,6.8367,6.9209,1,0
8.6199,9.4219,6.1477,6.9209,1,0
10.0394,10.7748,7.5175,6.9209,1,0
7.5360,8.5116,6.8949,6.9209,1,0
11.7340,10.3082,5.8968,6.9209,1,0
10.7751,10.8075,5.6773,6.9209,1,0
10.6882,10.7201,6.1255,6.9209,1,0
10.2754,10.6995,3.3791,6.9209,1,0
10.0811,10.2881,8.2353,6.9209,1,0
5.0594,6.2657,8.2029,6.9209,1,0
9.4176,8.4279,8.1175,6.9209,1,0
8.2359,6.9510,5.9123,6.9209,1,0
7.9793,7.9859,6.2025,6.9209,1,0
9.8156,9.7996,5.3889,6.9209,1,0
9.3592,9.3853,7.9617,6.9209,1,0
7.0853,8.1390,5.9633,6.9209,1,0
10.9420,12.4669,5.3461,7.7212,2,1
6.1009,7.9017,6.7580,6.9209,1,0
9.6688,9.4859,7.5356,6.9209,1,0
8.3679,8.6976,6.4254,6.9209,1,0
5.5658,5.8381,5.9061,6.9209,1,0
9.7702,9.7845,6.7397,6.9209,1,0
7.8141,8.1400,5.9667,6.9209,1,0
6.7633,6.7496,6.9264,6.9209,1,0
8.2011,7.9327,6.1144,6.9209,1,0
6.5150,6.7840,7.5993,6.9209,1,0
5.9883,6.7955,6.7971,6.9209,1,0
8.4967,8.7396,5.7549,6.9209,1,0
8.8400,9.5661,5.6609,6.9209,1,0
5.8417,6.3597,6.1649,6.9209,1,0
9.6270,9.7541,7.2351,6.9209,1,0
6.2386,7.1864,6.8721,6.9209,1,0
7.1061,7.1857,6.7454,6.9209,1,0
8.6497,10.0718,5.9650,6.7619,2,1
8.5003,8.1681,6.5211,6.9209,1,0
10.7785,10.3318,6.2852,6.9209,1,0
8.0895,8.6623,6.8530,6.9209,1,0
9.5161,9.3388,5.2459,6.9209,1,0
10.0547,9.6402,7.0826,6.9209,1,0
12.7655,12.8132,4.2085,6.9209,1,0
8.4215,8.5371,6.4557,6.9209,1,0
8.3467,8.2853,6.0775,6.9209,1,0
8.9668,9.0919,6.3015,6.9209,1,0
10.1608,9.9589,7.0078,6.9209,1,0
6.7231,6.7848,7.5669,6.9209,1,0
8.5683,8.8096,6.7142,6.9209,1,0
11.0709,11.1955,8.4771,6.9209,1,0
4.9813,9.3358,8.7709,6.9209,1,0
7.2193,6.9351,6.1731,6.9209,1,0
4.8365,6.2050,6.7168,6.9209,1,0
6.4200,9.0116,6.2689,6.9209,1,0
6.9640,7.3024,6.3051,6.9209,1,0
9.1491,9.0755,5.6917,6.9209,1,0
8.4828,8.8701,8.7750,6.9209,1,0
9.8246,9.9797,6.9758,6.9209,1,0
8.6803,2.3477,5.4457,9.7723,2,1
5.6034,6.4487,7.2018,6.9209,1,0
9.3354,8.9004,9.0021,6.9209,1,0
9.0905,8.4370,6.2118,6.9209,1,0
7.5609,7.6310,6.9766,6.9209,1,0
8.4406,8.5315,6.3838,6.9209,1,0
9.3223,9.6392,5.3709,6.9209,1,0
6.2882,7.3006,6.3644,6.9209,1,0
9.6186,8.6900,6.4452,6.9209,1,0
9.9790,9.7645,6.9208,6.9209,1,0
5.0422,9.9305,8.3987,6.9209,1,0
7.5280,9.0902,6.3312,6.9209,1,0
7.9772,8.8311,5.1609,6.9209,1,0
7.0889,6.8599,6.8174,6.9209,1,0
7.8613,8.0001,6.3961,6.9209,1,0
10.4408,8.0853,5.6228,6.9209,1,0
7.5069,7.8729,6.6778,6.9209,1,0
8.0989,9.2422,6.7847,6.9209,1,0
4.1167,4.4238,7.5313,6.9209,1,0
8.0106,7.5995,7.4465,6.9209,1,0
8.4804,8.5389,7.5299,6.9209,1,0
1.1258,0.5988,7.3965,6.9209,1,0
7.6120,8.2536,6.6053,6.9209,1,0
6.9691,7.8357,6.4209,6.9209,1,0
7.6660,8.4267,6.0593,6.9209,1,0
8.0076,9.1271,6.0948,6.9209,1,0
9.5048,11.4951,7.5400,6.9209,1,0
9.1798,8.8487,7.0635,6.9209,1,0
7.9844,7.0200,6.1147,6.9209,1,0
10.2629,10.3622,6.4310,6.9209,1,0
7.6029,7.9992,6.4011,6.9209,1,0
8.3505,8.1355,6.7347,6.9209,1,0
5.1414,5.9244,6.6365,6.9209,1,0
8.2884,8.7991,5.9323,6.9209,1,0
0.2487,0.5817,7.5346,6.9209,1,0
7.3243,8.8101,5.9299,6.9209,1,0
7.5051,6.6335,6.0417,6.9209,1,0
10.0858,10.6768,8.0502,6.9209,1,0
9.1115,8.9721,6.7795,6.9209,1,0
6.6248,5.4791,7.1734,6.9209,1,0
8.3429,7.6569,6.7485,6.9209,1,0
10.0100,10.1982,6.6166,6.9209,1,0
8.3713,9.3400,7.2919,6.9209,1,0
6.7644,11.2453,7.7433,9.7341,2,1
7.9071,8.3402,6.9928,6.9209,1,0
8.2521,9.2756,6.2193,6.9209,1,0
6.1861,6.5403,5.8441,6.9209,1,0
6.8363,9.2060,6.8046,6.9209,1,0
6.9946,8.0538,6.2535,6.9209,1,0
10.8466,10.2339,5.4831,6.9209,1,0
7.5341,7.7809,6.3208,6.9209,1,0
11.2434,11.5269,7.2320,6.9209,1,0
7.7280,7.4916,6.1307,6.9209,1,0
9.4518,8.7269,4.9511,6.9209,1,0
11.3539,11.0451,5.3186,6.9209,1,0
6.9463,7.1466,6.4216,6.9209,1,0
9.8801,9.8625,6.0176,6.9209,1,0
10.3797,10.1300,7.1596,6.9209,1,0
6.6272,6.8038,4.8082,6.9209,1,0
9.2449,9.4496,6.0613,4.5483,2,1
9.6217,9.6054,6.8817,6.9209,1,0
8.5375,8.4262,7.6675,6.9209,1,0
9.3303,8.5944,4.9287,6.9209,1,0
4.5948,2.1471,8.4083,9.2189,2,1
5.4284,1.0050,6.6767,6.9209,1,0
9.0453,9.2736,5.7000,6.9209,1,0
8.2976,7.3016,6.1719,6.9209,1,0
8.8509,8.1540,6.1233,6.9209,1,0
8.4974,7.1450,6.6363,6.9209,1,0
7.1323,6.7348,6.6224,6.9209,1,0
7.4186,8.8706,6.1881,6.9209,1,0
7.5449,8.3226,7.5493,6.9209,1,0
10.0916,10.2822,8.5286,6.9209,1,0
10.9887,11.9050,6.0017,6.9209,1,0
10.0934,9.8730,6.7081,6.9209,1,0
7.4339,8.2125,6.4938,6.9209,1,0
6.9726,7.1829,6.3212,6.9209,1,0
9.9529,10.0544,8.2699,6.9209,1,0
8.1454,7.2718,6.5413,6.9209,1,0
10.1952,9.9809,6.7510,6.9209,1,0
8.4427,9.0177,6.6200,6.9209,1,0
6.8326,7.4174,6.2967,6.9209,1,0
0.6960,0.4292,7.6380,6.9209,1,0
7.9861,6.9486,6.8065,6.9209,1,0
8.7228,8.6798,5.8235,6.9209,1,0
7.6687,7.5508,6.1427,6.9209,1,0
7.8850,8.2854,6.4586,6.9209,1,0
7.7409,8.2176,6.4260,6.9209,1,0
4.7410,6.8445,7.7801,6.9209,1,0
9.8824,9.7994,7.9144,6.9209,1,0
8.0545,7.6216,6.4339,6.9209,1,0
8.0270,7.5327,6.4257,6.9209,1,0
6.3091,7.1322,7.2524,6.9209,1,0
7.2672,6.7705,6.4559,6.9209,1,0
8.1366,7.9908,7.0250,6.9209,1,0
8.0858,8.4585,7.1872,6.9209,1,0
9.4985,9.5461,5.9968,6.9209,1,0
7.6890,7.9101,6.3627,6.9209,1,0
7.5900,8.9054,7.5478,6.9209,1,0
9.5764,9.6781,5.5716,6.9209,1,0
7.0549,7.3937,6.2779,6.9209,1,0
10.3388,11.1506,4.9887,6.9209,1,0
9.7556,9.9956,7.8718,6.9209,1,0
8.2688,9.6059,5.9279,6.9209,1,0
7.2753,7.9829,7.7298,6.9209,1,0
7.5321,7.9103,6.1926,6.9209,1,0
9.3324,8.8786,5.6412,6.9209,1,0
10.4231,10.5366,5.3269,6.9209,1,0
6.3212,6.4588,5.4162,6.9209,1,0
7.0909,7.1359,6.3091,6.9209,1,0
7.2396,7.1119,6.4969,6.9209,1,0
9.6507,8.9515,5.8752,6.9209,1,0
7.8131,8.4070,6.4394,6.9209,1,0
8.4458,8.5715,5.8100,6.9209,1,0
8.6607,8.1523,6.6359,6.9209,1,0
7.5051,7.2998,6.6121,6.9209,1,0
9.7168,10.1097,5.2786,6.9209,1,0
9.0870,8.1802,6.8036,6.9209,1,0
8.1752,7.0280,6.8444,6.9209,1,0
8.3055,2.3282,9.1808,9.6865,2,1
9.0514,8.2202,6.2354,6.9209,1,0
7.3307,7.4392,6.2603,6.9209,1,0
7.4416,4.9469,7.2204,6.9209,1,0
8.0589,5.3902,6.4248,6.9209,1,0
8.2076,8.2760,5.7508,6.9209,1,0
9.9339,10.2490,4.8826,5.3735,2,1
8.5205,8.5504,6.2719,6.9209,1,0
8.1894,8.0189,6.2692,6.9209,1,0
7.9658,7.2902,6.0731,6.9209,1,0
3.4676,2.5392,6.6238,6.2783,2,1
9.0090,8.7127,6.5653,6.9209,1,0
10.2430,10.2681,7.8954,6.9209,1,0
8.2899,9.1937,4.9165,5.8191,2,1
7.5954,7.4647,6.2391,6.9209,1,0
7.4459,8.0122,6.1418,6.9209,1,0
10.6986,11.3780,6.3984,6.9209,1,0
10.0205,10.0615,8.1342,6.9209,1,0
8.3894,8.5574,7.1788,6.9209,1,0
8.5871,7.2660,6.8781,6.9209,1,0
7.7697,6.9618,6.3104,6.9209,1,0
7.6226,7.1350,5.9397,6.9209,1,0
10.8149,10.7625,5.6225,6.9209,1,0
8.6951,8.8493,6.0540,6.9209,1,0
8.3853,8.4276,5.4810,6.9209,1,0
8.9266,9.1134,5.4982,6.9209,1,0
8.1807,8.8931,5.8833,6.9209,1,0
10.4800,7.4705,5.6822,3.8622,2,1
7.3656,8.5391,6.2135,6.9209,1,0
7.5340,7.5656,6.3018,6.9209,1,0
10.2230,10.1181,6.3069,6.7799,2,1
6.9430,7.9217,6.4882,6.9209,1,0
7.9387,7.9886,6.8183,6.9209,1,0
8.3551,8.6091,5.9989,6.9209,1,0
10.1199,9.1980,7.3039,6.9209,1,0
6.3375,9.5583,9.5227,6.9209,1,0
8.2848,8.4316,6.6555,6.9209,1,0
6.4024,7.2693,6.7088,6.9209,1,0
6.3485,6.3028,5.4710,6.9209,1,0
10.2423,9.3001,7.0730,6.9209,1,0
9.5317,9.0748,8.0602,6.9209,1,0
8.1466,8.7356,6.7182,6.9209,1,0
7.6571,7.6502,5.8188,6.9209,1,0
10.3897,10.9623,6.0263,6.9209,1,0
7.7502,7.3303,7.0673,6.9209,1,0
8.3248,9.1106,6.5071,6.9209,1,0
8.0989,5.4778,6.4829,6.9209,1,0
6.4899,7.2356,6.5877,6.9209,1,0
8.1888,7.6851,6.5931,6.9209,1,0
11.2528,11.6205,6.1237,6.8286,2,1
10.4752,10.4531,6.0088,6.9209,1,0
9.2748,9.2290,5.2426,6.9209,1,0
7.4025,7.9384,5.9069,6.9209,1,0
9.5508,10.1165,4.8679,6.9209,1,0
6.8142,7.7616,6.5206,6.9209,1,0
8.4204,6.9903,6.1684,6.9209,1,0
9.0945,9.1407,6.5947,6.9209,1,0
7.8277,7.4701,6.6159,6.9209,1,0
7.1150,6.6504,6.5199,6.9209,1,0
8.4171,8.7651,6.7280,6.9209,1,0
9.0253,9.6181,8.9253,6.9209,1,0
8.8104,10.5020,5.8615,6.8310,2,1
8.1910,7.7542,6.8802,6.9209,1,0
10.3780,10.2968,7.2729,6.9209,1,0
8.0309,7.1482,5.4815,6.9209,1,0
9.6230,8.9331,5.8022,6.9209,1,0
10.2117,9.3053,6.2653,6.9209,1,0
9.6482,9.4468,4.9190,6.9209,1,0
9.2057,8.9768,8.5673,6.9209,1,0
4.1920,4.2572,6.7140,6.9209,1,0
10.0388,9.7342,6.5568,6.9209,1,0
6.5655,6.4698,6.4901,6.9209,1,0
7.8536,8.2636,6.3802,6.9209,1,0
8.2389,7.3010,7.0726,6.9209,1,0
5.7669,6.9624,5.9471,7.5627,2,1
7.4387,7.3235,6.7001,6.9209,1,0
9.4332,9.9666,6.1228,6.9209,1,0
10.5499,10.8414,5.4067,6.9209,1,0
7.9702,8.0294,6.3981,6.9209,1,0
8.7149,7.8670,5.3837,6.9209,1,0
7.2699,7.4567,5.9636,6.9209,1,0
10.0718,9.2989,5.8489,6.9209,1,0
8.5725,8.9729,7.4796,6.9209,1,0
4.6023,5.6853,6.9875,6.9209,1,0
8.2253,8.1554,5.9777,6.9209,1,0
7.1035,6.7692,6.3313,6.9209,1,0
9.4600,10.1792,5.6919,6.9209,1,0
8.7390,9.4228,4.9048,6.9209,1,0
7.9877,8.0281,6.3121,6.9209,1,0
7.8487,9.4548,5.8436,6.9209,1,0
8.5338,8.3478,5.5010,6.9209,1,0
7.4542,7.1464,6.3968,6.9209,1,0
8.2624,7.7345,6.1448,6.9209,1,0
11.2548,9.9754,6.2176,6.9209,1,0
10.9582,10.6195,4.7879,6.9209,1,0
11.0116,11.5741,4.5427,3.4804,2,1
7.9622,9.0017,7.7242,6.9209,1,0
9.2589,9.2009,8.1220,6.9209,1,0
9.1241,9.0114,6.7099,6.9209,1,0
9.6688,9.7337,7.4517,6.9209,1,0
8.4189,6.6986,6.3241,6.9209,1,0
10.3369,10.7077,6.6979,6.9209,1,0
10.8564,10.1615,5.6331,4.7341,2,1
7.6243,6.4578,6.2867,6.9209,1,0
8.1662,7.8573,6.3145,6.9209,1,0
10.4606,10.2535,5.9550,6.9209,1,0
10.7347,10.8326,8.0692,8.7652,2,1
11.3762,11.1224,6.3741,6.9209,1,0
7.6675,7.2820,7.3276,6.9209,1,0
7.0969,7.9733,5.8769,6.9209,1,0
6.8094,8.0127,8.9982,6.9209,1,0
9.3633,8.9472,6.7345,5.5187,2,1
7.6338,6.8578,6.2975,6.9209,1,0
8.3480,6.8788,5.8920,6.9209,1,0
12.2172,12.0774,5.4302,6.9209,1,0
8.3352,8.9603,6.0470,6.9209,1,0
10.1718,10.1693,4.2481,6.9209,1,0
8.2386,7.5397,6.4555,6.9209,1,0
8.8364,9.0158,5.5215,6.9209,1,0
3.6126,2.5483,6.3925,6.8949,2,1
6.6168,5.1898,6.4147,6.9209,1,0
6.5169,6.7056,6.6304,6.9209,1,0
9.3959,9.0137,5.5187,6.9209,1,0
9.3291,9.9742,3.1900,6.9209,1,0
8.8993,9.3979,6.5549,6.9209,1,0
6.6350,7.9744,6.4502,6.9209,1,0
9.4054,9.7355,5.7490,6.9209,1,0
8.2935,7.4702,6.6048,6.9209,1,0
5.7704,3.6661,10.0129,10.6010,2,1
10.7316,11.5718,4.4105,6.9209,1,0
9.8209,10.0142,6.9930,6.9209,1,0
9.7583,9.4807,8.5099,6.9209,1,0
7.0176,3.7738,8.2123,6.9209,1,0
8.9341,7.9515,6.0883,6.9209,1,0
8.2004,9.7386,7.4551,6.8786,2,1
7.3916,7.0774,6.2393,6.9209,1,0
8.6266,8.5870,5.3564,6.9209,1,0
6.7229,7.9908,6.6077,6.9209,1,0
7.9167,8.3854,6.7176,6.9209,1,0
9.8605,9.2173,5.4418,6.9209,1,0
12.8785,13.2518,4.3174,4.4361,2,1
8.2379,8.8555,5.6585,6.9209,1,0
5.5840,6.5055,7.0059,6.9209,1,0
6.8062,5.5020,5.9121,6.9209,1,0
8.7723,4.0363,7.2008,6.9209,1,0
6.2849,5.5366,7.4434,6.9209,1,0
8.6518,6.6495,5.9825,6.9209,1,0
10.0060,9.2194,6.3863,6.9209,1,0
6.4180,3.6462,7.1229,6.9209,1,0
9.1808,6.7082,6.3733,6.9209,1,0
4.8317,8.1120,6.2695,6.9209,1,0
7.2840,7.1390,6.4721,6.9209,1,0
6.8919,5.7313,5.8272,6.9209,1,0
8.7895,4.7365,6.8252,6.6139,2,1
8.3749,7.9217,6.1282,6.9209,1,0
9.9829,10.0024,5.6552,6.9209,1,0
7.6296,7.9402,6.1177,6.9209,1,0
8.8904,8.7251,5.8441,6.9209,1,0
7.0393,7.7534,6.4559,6.9209,1,0
8.2860,8.6150,6.9628,6.9209,1,0
7.7116,4.6896,6.1303,6.9209,1,0
10.4817,10.1508,5.6772,6.9209,1,0
7.3297,6.8051,6.2574,6.9209,1,0
11.9673,12.8071,4.5585,6.9209,1,0
6.9491,6.9427,5.6047,6.9209,1,0
6.2655,5.8379,8.2535,6.9209,1,0
8.5316,7.4419,7.2752,6.9209,1,0
6.1570,7.0456,6.9643,6.9209,1,0
7.7973,8.6639,6.4545,6.9209,1,0
6.8018,7.0790,6.6803,6.9209,1,0
8.9379,9.2928,6.3116,6.9209,1,0
8.9016,9.6252,5.9791,6.9209,1,0
10.0060,10.2625,8.4280,6.9209,1,0
10.7036,10.7236,7.9038,6.9209,1,0
7.3539,7.3924,5.2061,6.9209,1,0
8.1993,9.6254,5.9447,6.9209,1,0
9.2023,10.7074,4.3711,5.8313,2,1
8.1167,8.5961,6.2038,6.9209,1,0
6.9982,7.4333,6.2527,6.9209,1,0
8.6250,8.9873,6.0920,6.9209,1,0
10.8534,10.4042,6.1063,6.9209,1,0
8.7165,8.6371,6.5515,6.9209,1,0
6.5779,5.9551,5.3717,6.9209,1,0
8.1639,9.1675,6.7448,6.9209,1,0
7.8588,6.4394,6.1327,6.9209,1,0
6.6150,6.8637,5.4466,6.9209,1,0
5.9387,5.6670,5.5767,6.9209,1,0
7.6543,7.2393,6.3325,6.9209,1,0
8.3495,8.2839,6.6904,6.9209,1,0
8.2738,8.8423,6.4922,6.9209,1,0
6.6899,7.1313,7.5809,6.9209,1,0
7.6998,7.2243,6.4261,6.9209,1,0
9.6617,9.5061,8.1968,6.9209,1,0
7.6039,8.0208,5.7288,6.9209,1,0
8.7944,8.4822,6.8802,6.9209,1,0
8.2493,8.2989,5.8773,6.9209,1,0
7.8321,8.5912,6.1905,6.9209,1,0
8.4526,8.9341,5.7596,6.9209,1,0
8.8691,9.2509,9.1597,6.9209,1,0
8.3018,6.7669,6.3402,6.9209,1,0
7.6832,8.9218,6.4288,6.9209,1,0
8.5990,9.1254,6.6902,6.9209,1,0
7.7274,7.3681,6.0859,6.9209,1,0
7.9645,7.1485,5.5822,6.9209,1,0
7.6544,6.5810,6.2142,6.9209,1,0
11.1292,10.8476,6.3923,6.9209,1,0
3.0322,2.8010,7.5038,8.3672,2,1
10.3595,10.5105,8.4588,6.9209,1,0
11.9994,12.1525,5.8889,6.9209,1,0
10.8497,10.7503,6.9774,6.9209,1,0
6.5291,6.9156,5.4958,6.9209,1,0
7.8925,8.0150,5.9589,6.9209,1,0
8.1839,9.3572,5.4619,6.9209,1,0
7.5652,8.0530,6.7581,6.9209,1,0
10.2263,11.1606,5.4401,3.4150,2,1
9.7602,9.8759,8.1227,6.9209,1,0
7.5828,7.7542,6.3911,6.9209,1,0
8.4192,8.1065,6.2059,6.9209,1,0
9.8552,9.7716,6.9107,6.9209,1,0
8.7481,9.0911,6.2722,6.9209,1,0
9.1590,9.0476,6.2435,6.9209,1,0
5.7125,7.9535,6.2071,6.9209,1,0
7.7891,7.9295,5.8917,6.9209,1,0
9.0470,8.9220,6.8079,6.9209,1,0
9.5428,8.7546,4.7539,3.5359,2,1
9.5741,9.7157,6.8765,6.9209,1,0
6.7113,7.9357,7.1043,6.9209,1,0
4.7286,3.8609,7.3783,7.4071,2,1
8.3940,8.3772,6.1070,6.9209,1,0
7.4185,8.0464,6.2955,6.9209,1,0
8.5418,8.6254,6.5328,6.9209,1,0
7.0438,8.6372,6.8030,6.9209,1,0
5.5243,4.7569,6.6115,6.9209,1,0
7.9226,8.0510,8.4289,6.9209,1,0
10.3149,9.5156,5.6581,6.9209,1,0
10.5693,10.0948,6.3208,6.9209,1,0
5.8757,6.5598,6.5281,6.9209,1,0
8.0020,8.0309,6.5429,6.9209,1,0
9.2534,8.8946,7.1397,6.9209,1,0
9.9413,9.0668,5.7212,5.3085,2,1
8.1424,8.8265,6.8910,6.9209,1,0
12.1480,11.5802,6.6330,6.3317,2,1
7.0230,8.0662,6.5503,6.9209,1,0
8.8382,8.8537,7.7010,6.9209,1,0
9.0465,7.5288,6.3560,6.9209,1,0
10.5182,11.2365,5.7700,5.8733,2,1
7.0785,6.4306,6.5389,6.9209,1,0
6.3547,5.6834,6.9818,6.9209,1,0
9.9580,9.7804,8.2894,6.9209,1,0
9.7901,10.5293,6.6750,7.3486,2,1
9.1872,9.3232,6.9685,6.9209,1,0
10.8036,10.3975,5.1939,6.9209,1,0
8.1827,7.6084,6.1506,6.9209,1,0
9.9698,9.4037,7.1586,5.3482,2,1
9.9006,9.4912,5.6632,6.9209,1,0
9.6673,9.5459,5.0902,6.9209,1,0
7.8929,8.1251,6.5989,6.9209,1,0
9.3182,9.3134,6.6737,6.9209,1,0
8.4945,8.8502,6.8763,6.9209,1,0
6.6429,6.6957,5.7949,6.9209,1,0
7.2857,7.6525,6.5438,6.9209,1,0
8.6696,8.5723,6.5193,6.9209,1,0
10.3682,5.2311,4.9797,6.9209,1,0
9.1739,8.6925,7.6126,6.9209,1,0
9.9915,10.0471,7.5429,6.9209,1,0
10.0651,10.1105,7.1505,6.9209,1,0
6.1959,5.6137,6.6284,6.9209,1,0
9.7177,9.9570,8.4060,6.9209,1,0
10.5151,9.4098,6.8121,5.4937,2,1
8.1703,8.7893,5.9986,6.9209,1,0
7.2600,6.9492,6.3887,6.9209,1,0
5.7001,6.0880,7.1742,6.9209,1,0
8.5582,8.7317,6.0816,4.2763,2,1
7.8212,8.5667,6.6295,6.9209,1,0
10.3836,10.2751,6.0478,6.9209,1,0
7.8020,6.3324,6.2693,6.9209,1,0
3.5600,3.5216,8.0792,7.3920,2,1
12.7436,12.3776,3.5720,6.9209,1,0
8.0269,8.1201,6.3660,6.9209,1,0
0.8609,0.7364,7.5970,6.9209,1,0
7.5109,8.0286,6.3822,6.9209,1,0
7.5872,7.6092,6.1503,6.9209,1,0
11.1904,10.8897,5.5148,6.9209,1,0
9.8246,10.6728,4.8129,4.1624,2,1
6.4544,5.8790,6.5714,6.9209,1,0
7.6784,6.9959,5.8310,6.9209,1,0
8.7536,8.7183,6.8164,6.9209,1,0
8.2389,8.2596,6.4524,6.9209,1,0
8.4323,9.7261,6.8229,6.9209,1,0
8.0922,8.3789,6.4087,6.9209,1,0
7.7093,8.2806,6.4803,6.9209,1,0
7.4783,8.3562,6.4686,6.9209,1,0
8.6822,8.6630,6.8847,6.9209,1,0
10.4016,10.7123,6.9673,6.9209,1,0
9.1769,9.4007,6.0085,6.9209,1,0
6.9903,8.5416,6.8854,6.9209,1,0
7.9526,9.5713,5.7058,6.9209,1,0
7.6430,7.4919,6.2374,6.9209,1,0
10.2953,10.6009,6.1819,6.4124,2,1
7.6776,6.3951,6.5482,6.9209,1,0
6.6892,6.9823,6.3902,6.9209,1,0
9.9183,9.2743,7.0899,6.9209,1,0
6.5325,8.1734,6.3514,6.9209,1,0
7.5945,8.9413,6.2114,6.9209,1,0
6.8234,6.6622,7.4288,6.9209,1,0
9.9326,10.0323,7.6851,6.9209,1,0
9.4348,9.1096,5.9570,6.9209,1,0
8.2930,8.1615,6.2771,6.9209,1,0
6.2208,6.9024,5.4627,6.9209,1,0
5.2817,5.4079,6.7933,6.9209,1,0
12.8268,12.7508,3.9085,6.9209,1,0
9.6280,10.2430,6.7058,6.9209,1,0
9.5388,9.8362,6.9067,6.9209,1,0
7.4614,7.6509,6.3539,6.9209,1,0
8.7735,7.1643,6.0775,6.9209,1,0
9.6299,9.3987,6.5276,6.9209,1,0
6.5312,9.1279,6.2744,6.9209,1,0
8.4004,8.7540,6.5259,6.9209,1,0
7.8824,8.0898,6.6123,6.9209,1,0
10.9616,11.3811,5.9499,6.9209,1,0
7.4837,8.0001,7.4466,6.9209,1,0
7.5381,8.5764,6.6344,6.9209,1,0
8.8071,9.8339,6.2231,6.9209,1,0
7.6768,6.6872,6.4182,6.9209,1,0
8.8964,8.0877,5.5617,6.9209,1,0
6.4436,6.9925,6.1012,6.9209,1,0
5.1419,4.4187,5.9494,6.9209,1,0
7.1735,7.5959,6.5909,6.9209,1,0
10.8398,11.0200,6.2720,6.9209,1,0
10.1227,11.0547,6.3085,6.0934,2,1
8.6157,8.2584,5.6800,6.9209,1,0
7.7548,8.0777,5.7019,6.9209,1,0
9.9321,9.7379,6.9468,6.9209,1,0
7.5100,7.8874,6.2152,6.9209,1,0
11.1076,10.9072,6.1028,6.9209,1,0
6.4315,6.6497,9.1463,10.9767,2,1
8.7251,8.1918,6.3802,6.9209,1,0
8.7441,9.0333,6.7314,6.9209,1,0
8.5873,7.7014,4.5851,3.6315,2,1
8.8468,9.4307,6.8811,6.9209,1,0
10.5209,10.5340,7.7160,6.9209,1,0
3.3296,2.6850,7.7870,9.4730,2,1
6.1563,5.2330,6.7316,6.9209,1,0
8.4978,10.0122,6.2772,9.0032,2,1
9.4179,8.5294,8.2850,6.9209,1,0
8.7131,8.9835,5.6095,6.9209,1,0
8.4573,8.5672,5.7538,6.9209,1,0
7.1990,8.7230,6.9379,6.9209,1,0
9.2108,9.0711,5.4793,6.9209,1,0
6.3090,7.5544,8.6934,6.9209,1,0
10.3969,9.9833,6.2885,6.9209,1,0
6.4288,4.7200,7.2658,6.9209,1,0
7.6592,7.7744,6.2728,6.9209,1,0
8.3705,7.4114,6.1702,6.9209,1,0
7.5165,8.9111,6.1597,6.9209,1,0
9.0768,9.2531,6.6688,6.9209,1,0
7.7815,8.3826,6.8787,6.9209,1,0
8.7273,8.6335,6.5682,6.9209,1,0
6.6533,6.4153,5.8382,6.9209,1,0
6.3268,9.4527,6.3864,6.9209,1,0
3.4640,2.2854,7.9984,8.4309,2,1
10.6133,10.4843,6.5729,6.9209,1,0
7.6418,7.1025,6.5745,6.9209,1,0
13.7927,11.8667,7.4530,6.6730,2,1
7.7928,7.8322,6.9825,6.9209,1,0
6.0267,6.9352,6.7975,6.9209,1,0
8.8357,8.3220,6.2947,6.9209,1,0
9.1165,9.3088,5.8014,6.9209,1,0
6.0655,5.4498,6.5423,6.9209,1,0
7.1393,7.4886,6.5552,6.9209,1,0
8.3695,9.9219,7.0509,6.9209,1,0
10.0211,9.8554,6.4581,6.9209,1,0
8.1430,8.0093,6.8234,6.9209,1,0
9.4107,8.5206,5.3191,6.9209,1,0
7.2698,6.4895,5.5913,6.9209,1,0
6.1407,6.5180,5.2666,6.9209,1,0
9.7138,9.1765,5.0359,6.9209,1,0
10.0368,9.7704,8.4448,6.9209,1,0
10.0779,9.9587,8.2557,6.9209,1,0
8.7899,4.3066,7.2387,6.9209,1,0
9.6329,9.6581,5.6169,6.9209,1,0
9.0996,9.4948,7.9481,6.9209,1,0
6.9293,6.9009,5.2923,6.9209,1,0
5.5944,5.2940,6.9100,6.9209,1,0
9.3904,9.3798,6.5365,6.9209,1,0
9.5481,9.7847,6.2771,6.9209,1,0
6.7981,5.1464,5.2044,6.9209,1,0
6.7618,7.5349,7.3282,6.9209,1,0
8.1970,7.0847,6.3920,6.9209,1,0
8.7945,9.6943,9.1765,6.9209,1,0
7.5005,7.1355,6.2860,6.9209,1,0
7.5536,9.0249,6.0918,6.9209,1,0
2.3559,2.9732,7.9570,4.4828,2,1
7.6241,8.0339,6.3692,6.9209,1,0
11.0837,10.6266,6.6790,6.9209,1,0
6.9805,5.6019,6.6323,6.9209,1,0
9.2409,9.1037,7.5852,6.9209,1,0
7.4088,7.6438,6.3508,6.9209,1,0
7.3164,7.3492,6.4924,6.9209,1,0
7.5627,7.4306,6.0295,6.9209,1,0
7.5793,8.3447,6.3568,6.9209,1,0
9.2143,9.4328,6.6259,6.9209,1,0
8.9160,7.4656,6.8087,6.9209,1,0
9.4267,9.5587,6.8305,6.9209,1,0
7.9546,8.9619,6.0145,6.9209,1,0
8.4781,8.8756,5.1552,6.9209,1,0
9.8281,9.8862,5.1920,6.9209,1,0
7.7041,6.9665,6.3254,6.9209,1,0
8.6599,8.5762,5.6260,6.9209,1,0
6.3510,5.9363,7.1025,6.9209,1,0
7.4489,8.5669,6.4750,6.9209,1,0
8.8077,9.9886,8.4057,6.9209,1,0
8.8626,9.4257,5.7585,6.9209,1,0
6.6998,8.4069,6.6281,6.9209,1,0
10.1699,10.9161,6.4581,6.9209,1,0
8.1834,7.6677,6.1768,6.9209,1,0
7.6535,7.9998,6.0938,6.9209,1,0
7.4132,7.3610,6.5079,6.9209,1,0
9.4813,9.4021,4.9989,6.9209,1,0
8.5594,8.3237,6.3996,6.9209,1,0
8.4915,8.3234,6.1135,6.9209,1,0
9.3278,9.7911,5.5888,6.9209,1,0
7.8420,8.3656,6.4805,6.9209,1,0
9.1280,8.8561,7.4206,6.9209,1,0
9.5145,7.5463,6.4158,6.9209,1,0
4.4360,2.6194,8.4358,7.9712,2,1
8.5130,7.8646,5.9107,6.9209,1,0
12.2104,12.3595,9.1207,6.9209,1,0
9.7234,9.9351,7.7021,6.9209,1,0
7.7816,8.1719,6.6377,6.9209,1,0
10.0991,10.3038,8.1349,6.9209,1,0
7.1329,6.9483,6.2903,6.9209,1,0
10.2086,10.4263,6.7045,6.9209,1,0
7.7763,7.9324,6.5655,6.9209,1,0
9.0642,7.9695,5.2750,6.9209,1,0
7.3829,7.3202,6.6689,6.9209,1,0
7.2444,6.7990,5.3352,6.9209,1,0
10.4885,10.2203,7.6017,6.9209,1,0
8.1276,8.2566,5.8403,6.9209,1,0
10.1981,10.4232,5.8704,6.9209,1,0
7.8801,7.4489,5.1900,6.9209,1,0
9.2651,9.5109,7.5104,6.9209,1,0
8.0229,7.7658,7.0293,6.9209,1,0
7.8097,6.7500,6.4764,6.9209,1,0
7.3900,7.3124,6.1533,6.9209,1,0
7.4654,7.5597,5.6747,6.9209,1,0
9.8455,9.6545,6.4839,6.9209,1,0
12.6285,12.4486,3.8536,6.9209,1,0
0.6946,0.7033,7.6475,6.9209,1,0
8.8817,9.1949,6.9901,6.9209,1,0
5.9739,5.7378,6.4327,6.9209,1,0
8.5896,8.8919,5.9592,6.9209,1,0
8.3757,8.6550,5.9437,6.9209,1,0
8.1991,8.7095,9.3907,6.9209,1,0
5.1501,6.6789,5.5696,6.9209,1,0
7.6538,7.5108,6.2942,6.9209,1,0
8.1378,7.4401,4.7367,6.9209,1,0
9.6509,5.1579,6.3132,6.9209,1,0
9.5495,9.8477,3.8553,6.9209,1,0
6.7251,6.7747,5.0548,6.9209,1,0
12.4485,12.7574,4.3959,6.9209,1,0
8.6123,8.9781,10.3494,6.9209,1,0
9.7008,10.5376,5.9369,4.6007,2,1
6.5643,5.6002,6.7560,6.9209,1,0
9.3629,9.4278,8.2414,6.9209,1,0
9.7263,10.0252,5.0610,6.9209,1,0
9.0894,10.8855,9.7990,6.9209,1,0
8.6919,9.1212,6.7727,6.9209,1,0
8.4256,8.3006,5.3695,6.9209,1,0
7.7123,9.5520,6.7899,6.9209,1,0
9.3715,9.4545,6.4404,6.9209,1,0
10.4676,8.7891,5.5590,3.9385,2,1
8.5570,9.5466,6.6013,6.9209,1,0
6.0024,6.5822,7.6270,6.9209,1,0
7.2432,6.5113,6.6769,6.9209,1,0
7.5964,7.3451,6.6509,6.9209,1,0
8.0997,7.4462,6.2964,6.9209,1,0
7.7714,7.2718,5.8112,6.9209,1,0
8.3865,8.4674,6.3086,6.9209,1,0
6.6939,7.1170,4.9493,6.9209,1,0
7.8998,8.5206,7.6754,6.9209,1,0
8.7949,9.1671,5.4210,6.9209,1,0
6.4840,9.2815,8.1055,6.9209,1,0
10.4459,10.7225,4.7731,6.9209,1,0
8.8314,9.2223,6.2173,6.9209,1,0
4.0185,2.5081,7.3514,6.4450,2,1
7.3001,7.8121,6.1415,6.9209,1,0
11.0804,10.6249,5.4708,6.9209,1,0
7.1071,7.4516,7.1847,6.9209,1,0
6.4997,8.3209,6.8813,6.9209,1,0
9.2555,9.5734,7.9410,6.9209,1,0
7.1575,6.9986,5.6225,6.9209,1,0
8.9009,9.2387,5.8191,6.9209,1,0
9.7262,9.0460,5.9653,6.9209,1,0
7.4651,8.2237,6.9820,6.9209,1,0
7.2539,7.7131,6.4073,6.9209,1,0
6.5293,6.4142,5.2294,6.9209,1,0
7.8139,7.7766,6.4259,6.9209,1,0
7.8794,7.4462,7.0376,6.9209,1,0
8.4185,8.5867,5.8579,6.9209,1,0
9.9026,10.3425,6.1948,6.9209,1,0
7.4734,8.6999,6.5860,6.9209,1,0
9.2556,9.3652,8.8665,6.9209,1,0
9.6293,9.0906,7.2385,6.9209,1,0
9.3748,9.0637,6.9728,6.9209,1,0
11.4430,11.1624,6.3079,6.9209,1,0
8.4950,9.2384,6.5697,6.9209,1,0
7.5529,5.4326,6.3181,6.9209,1,0
9.9472,9.0316,5.6531,6.9209,1,0
7.8579,9.1530,9.1702,6.9209,1,0
6.9883,4.6173,6.8524,6.9209,1,0
10.7837,11.8493,6.5117,6.9209,1,0
9.8661,9.7080,7.5316,6.9209,1,0
12.3454,12.1287,4.5553,6.9209,1,0
8.7478,7.9126,6.1050,6.9209,1,0
6.4108,3.5733,6.5368,6.9209,1,0
9.2723,9.4213,5.8639,6.0064,2,1
6.6045,6.3124,6.8302,6.9209,1,0
8.8836,8.8802,5.6742,6.9209,1,0
5.3754,5.8373,7.7444,6.9209,1,0
7.8225,7.9332,6.8870,6.9209,1,0
6.7302,7.5591,6.4224,6.9209,1,0
7.1314,6.1275,6.3408,6.9209,1,0
8.7478,7.9999,6.2616,6.9209,1,0
7.3463,8.1286,6.3804,6.9209,1,0
8.2488,7.7482,7.5026,6.9209,1,0
7.1003,8.1296,6.4439,6.9209,1,0
9.8684,9.7387,7.7511,6.9209,1,0
9.5781,9.4390,6.2040,6.9209,1,0
8.5358,8.7061,6.8920,6.9209,1,0
9.0806,9.2176,5.3105,6.9209,1,0
7.1179,6.9616,6.1914,6.9209,1,0
7.4749,6.4374,5.8310,6.9209,1,0
7.9981,8.3270,6.5184,6.9209,1,0
7.0093,7.7478,6.5576,6.9209,1,0
9.3481,9.0250,5.8020,6.9209,1,0
8.9195,9.3168,5.9119,6.9209,1,0
3.6023,3.1352,6.9254,7.0689,2,1
8.3132,7.6848,4.9738,6.9209,1,0
10.6297,10.6848,6.5121,6.9209,1,0
11.8936,13.9690,6.8638,8.8077,2,1
10.2616,10.8721,7.0114,6.9209,1,0
7.9521,8.5583,6.5863,6.9209,1,0
6.6875,9.3761,6.1602,6.9209,1,0
10.4664,9.6272,6.4524,6.9209,1,0
9.5630,9.5287,8.1105,6.9209,1,0
8.5430,8.5276,6.5808,6.9209,1,0
8.0756,8.1734,6.6028,6.9209,1,0
8.2530,8.4684,5.6231,6.9209,1,0
9.5474,9.7031,6.3944,6.9209,1,0
5.9764,5.9974,5.9343,6.9209,1,0
7.3616,8.1702,6.2384,6.9209,1,0
7.6740,7.7101,6.5700,6.9209,1,0
7.2194,7.6430,5.9342,6.9209,1,0
8.3426,7.5606,6.6459,6.9209,1,0
9.7704,9.6067,5.8920,4.9098,2,1
7.1236,6.6256,7.4696,6.9209,1,0
5.5222,4.4003,7.3721,6.9209,1,0
6.3772,6.3043,6.6661,6.9209,1,0
9.5878,7.0980,4.9292,3.1975,2,1
10.1978,10.4111,7.5171,6.9209,1,0
7.6614,8.1522,6.3000,6.9209,1,0
9.8468,10.5144,6.3368,6.9209,1,0
9.9146,10.0878,5.7678,6.9209,1,0
8.1176,6.8627,5.3606,6.9209,1,0
8.0056,8.9420,6.6831,6.9209,1,0
7.7610,7.4460,7.4200,6.9209,1,0
9.9566,9.9466,6.4977,6.9209,1,0
8.9093,8.9304,5.8903,6.9209,1,0
4.6894,5.8124,6.1673,6.9209,1,0
10.5783,10.9000,8.8699,6.9209,1,0
6.7100,4.5357,6.6628,6.9209,1,0
9.5770,9.5081,7.9785,6.9209,1,0
1.4385,0.7085,7.5080,6.9209,1,0
5.7643,5.4727,7.4556,6.9209,1,0
9.5011,9.3340,8.8110,6.9209,1,0
7.6108,7.5509,6.9368,6.9209,1,0
10.5584,10.8993,7.1886,6.9209,1,0
7.3506,8.1555,6.0041,6.9209,1,0
5.4676,6.0153,5.9545,6.9209,1,0
10.2022,11.5266,9.4387,6.9209,1,0
9.3847,10.3811,5.9223,6.9209,1,0
8.3983,8.6305,6.7693,6.9209,1,0
7.9422,8.5051,7.2175,6.9209,1,0
10.1464,9.8807,6.9363,6.9209,1,0
6.1825,5.6002,5.4004,6.9209,1,0
9.2874,10.7973,8.8905,6.9209,1,0
7.8481,8.5606,6.3058,6.9209,1,0
6.8511,7.2521,6.3199,6.9209,1,0
8.1918,8.4498,5.8359,6.9209,1,0
10.0974,9.9656,7.9020,6.9209,1,0
8.1174,7.6365,5.7330,6.9209,1,0
8.8659,7.9322,5.3034,6.9209,1,0
10.6228,9.7584,6.1039,6.9209,1,0
10.1696,10.2385,5.9068,6.9209,1,0
7.7705,8.6304,6.0181,6.9209,1,0
8.0512,7.1364,6.5348,6.9209,1,0
8.1304,8.6551,5.9656,6.9209,1,0
8.6626,8.3614,5.7589,6.9209,1,0
9.2188,8.5038,5.3609,6.9209,1,0
8.3796,8.6104,7.2726,6.9209,1,0
8.7175,8.8338,7.2404,6.9209,1,0
9.0744,9.5550,8.8469,6.9209,1,0
7.3300,7.5248,6.2828,6.9209,1,0
9.2957,9.7816,7.6312,6.9209,1,0
7.7077,9.0397,5.4792,6.9209,1,0
8.6313,7.5953,5.8214,4.3256,2,1
8.7496,9.1114,5.8304,6.9209,1,0
10.2326,3.6367,7.4956,11.7494,2,1
7.3249,7.0166,8.1609,6.9209,1,0
8.0353,4.2908,6.7865,6.9209,1,0
6.0562,4.4721,8.1432,6.9209,1,0
8.6816,8.7399,6.1069,6.9209,1,0
6.7144,8.4306,6.1619,6.9209,1,0
7.1841,6.9507,5.3718,6.9209,1,0
9.0913,4.9203,7.4152,9.2677,2,1
8.5662,9.0145,8.4750,6.9209,1,0
8.4977,9.0856,6.3090,6.9209,1,0
6.9523,7.2832,6.3084,6.9209,1,0
3.1389,2.5268,8.5513,8.7818,2,1
9.5790,9.6111,7.0891,6.9209,1,0
7.7525,7.1837,6.7713,6.9209,1,0
7.8924,8.4122,6.6405,6.9209,1,0
7.8171,6.2996,6.9834,6.9209,1,0
7.6262,8.3111,8.7350,6.9209,1,0
8.5747,7.2072,6.3505,6.9209,1,0
7.9164,8.3565,6.8045,6.9209,1,0
9.7940,10.1529,4.5190,3.7560,2,1
8.1156,7.6076,6.8282,6.9209,1,0
9.4988,9.0126,5.7333,6.9209,1,0
6.3720,6.5545,5.5295,6.9209,1,0
9.7057,10.8215,6.6603,1.7586,2,1
8.7882,8.0205,6.5077,6.9209,1,0
6.3778,6.4334,6.4317,6.9209,1,0
5.2819,8.3277,7.1008,6.9209,1,0
6.7630,6.7014,5.9818,6.9209,1,0
5.2401,4.6219,5.4462,6.2690,2,1
8.5244,8.7861,6.9713,6.9209,1,0
10.2902,10.3630,6.7419,6.9209,1,0
7.2085,7.6820,5.9380,6.9209,1,0
10.0693,10.1440,8.2180,6.9209,1,0
9.8932,7.5631,6.3568,3.9178,2,1
9.8763,9.3788,7.1627,6.9209,1,0
10.2580,10.4732,6.9921,8.0106,2,1
6.4700,8.9088,7.5658,6.9209,1,0
9.9696,10.1869,3.6119,6.9209,1,0
7.2467,6.4219,4.6930,6.9209,1,0
12.5026,12.5733,4.4278,6.9209,1,0
8.4671,8.5697,6.5045,6.9209,1,0
8.4819,8.3647,7.1116,6.9209,1,0
9.8193,10.0706,6.5378,6.8563,2,1
7.6139,7.6484,6.2368,6.9209,1,0
8.2967,7.7233,7.4668,6.9209,1,0
9.7116,10.0804,8.3714,6.9209,1,0
7.0355,4.9426,8.4640,6.9209,1,0
7.6598,8.0444,6.7868,6.9209,1,0
12.1261,12.0276,5.0981,6.9209,1,0
9.0942,9.6905,7.5845,6.9209,1,0
6.9469,7.5786,6.2075,6.9209,1,0
5.5797,4.6315,5.4869,6.9209,1,0
8.2706,8.4810,6.4404,6.9209,1,0
6.4611,6.2966,5.0788,6.9209,1,0
7.9471,7.2338,6.4849,6.9209,1,0
8.1736,7.3998,6.1494,6.9209,1,0
9.5968,9.7879,6.6233,6.9209,1,0
3.0676,2.2998,7.9115,8.8232,2,1
6.8690,7.8622,6.1320,6.9209,1,0
6.7897,5.6963,7.5450,6.9209,1,0
8.1998,8.2183,6.1616,6.9209,1,0
8.4290,8.5679,6.9364,6.9209,1,0
8.2662,8.0658,6.2649,6.9209,1,0
6.2044,5.3379,6.8723,6.9209,1,0
9.8263,9.0551,5.4687,6.9209,1,0
6.5220,6.7547,5.6596,6.9209,1,0
8.2931,9.0654,6.3370,6.9209,1,0
7.7053,8.2407,6.1317,6.9209,1,0
7.2631,6.7411,6.0250,6.9209,1,0
6.8480,6.8157,7.6567,6.9209,1,0
9.1842,8.9147,7.2449,6.9209,1,0
9.3654,9.7692,5.6677,6.9209,1,0
9.4204,7.8690,6.3559,6.9209,1,0
7.9672,8.0202,6.8845,6.9209,1,0
12.6246,12.7691,4.3205,6.9209,1,0
8.0417,8.1690,5.4195,6.9209,1,0
9.8566,9.5279,4.1956,6.9209,1,0
6.6980,8.2862,7.3459,6.9209,1,0
7.3324,7.0435,6.3469,6.9209,1,0
9.0118,8.6249,4.9338,6.9209,1,0
7.2391,8.7236,6.8136,6.9209,1,0
9.6740,9.1655,5.4072,6.9209,1,0
9.3668,9.0109,6.6654,6.9209,1,0
11.5787,11.6721,6.8695,6.9093,2,1
10.4833,10.0815,6.8064,6.9209,1,0
5.6592,5.3693,6.9708,6.9209,1,0
9.0879,6.9549,6.5033,6.9209,1,0
7.1719,8.5205,4.7362,6.9209,1,0
7.1281,5.6199,6.5094,6.9209,1,0
12.3114,12.3677,4.8643,6.9209,1,0
10.7693,10.1449,6.5549,5.3802,2,1
8.3042,8.6990,5.8276,6.9209,1,0
10.5742,10.1277,6.4055,6.9209,1,0
9.9129,10.4324,6.1466,6.9209,1,0
8.7313,8.8512,6.1713,6.9209,1,0
8.3956,8.0315,5.8888,6.9209,1,0
9.6290,9.8473,7.1731,6.9209,1,0
9.4855,10.2407,5.5119,6.9209,1,0
9.4261,9.9777,7.1218,6.9209,1,0
9.3292,10.2577,8.8745,6.9209,1,0
10.7168,10.6860,5.5771,6.9209,1,0
7.8791,8.5114,6.6143,6.9209,1,0
8.1150,7.7791,6.6924,6.9209,1,0
8.9509,8.8905,7.0962,6.9209,1,0
7.6610,7.2196,6.0793,6.9209,1,0
6.9430,6.9949,5.2299,6.9209,1,0
9.9756,9.7888,5.8773,6.9209,1,0
9.1895,8.6477,6.2004,4.8072,2,1
9.8473,10.2672,4.9662,6.9209,1,0
12.3160,12.0715,7.1356,5.8059,2,1
9.3058,5.7219,7.3358,6.9209,1,0
8.6480,7.9260,5.5245,6.9209,1,0
11.4148,10.9312,6.6188,6.9209,1,0
11.8558,11.8781,4.8972,3.8024,2,1
9.8295,9.3811,6.3457,6.9209,1,0
10.0739,9.8608,6.4964,6.9209,1,0
7.9262,7.7638,6.5202,6.9209,1,0
7.4784,7.7747,6.5922,6.9209,1,0
9.5693,9.4259,7.2502,6.9209,1,0
5.8559,4.6825,5.6073,6.9209,1,0
4.0555,4.6557,7.5392,6.9209,1,0
7.9659,8.1086,5.7903,6.9209,1,0
12.4220,12.4551,6.0087,6.9209,1,0
8.1116,6.2906,6.5634,6.9209,1,0
6.5214,6.4265,6.5465,6.9209,1,0
9.6896,9.5315,6.1599,6.9209,1,0
12.4269,11.4783,6.4404,6.9209,1,0
6.9884,6.3240,6.3234,6.9209,1,0
9.6221,9.1853,7.7204,6.9209,1,0
9.6781,9.2613,6.3823,6.3901,2,1
6.4482,8.6023,6.0380,6.9209,1,0
8.9733,10.7134,6.0176,6.9209,1,0
7.8751,8.0022,6.4426,6.9209,1,0
9.3968,9.4818,6.6598,6.9209,1,0
8.1521,8.9674,6.8545,6.9209,1,0
8.8636,9.0657,5.7395,6.9209,1,0
8.2232,8.0816,6.2892,6.9209,1,0
7.8165,8.4326,6.6648,6.9209,1,0
9.7539,9.6396,5.6904,6.9209,1,0
8.3029,7.8763,6.4849,6.9209,1,0
9.9718,10.1647,8.8873,6.9209,1,0
12.2378,14.9211,5.2733,6.5455,2,1
10.1686,9.9670,6.6918,6.9209,1,0
8.2271,8.5613,6.3334,6.9209,1,0
9.1737,9.4532,5.1316,6.9209,1,0
7.2587,7.8319,6.3117,6.9209,1,0
7.6973,7.5129,6.1603,6.9209,1,0
8.6301,9.0973,6.1653,6.9209,1,0
10.1527,8.4722,7.2001,2.7153,2,1
6.8000,6.5167,5.2535,6.9209,1,0
9.3278,9.0537,7.2304,6.9209,1,0
7.9669,8.0419,8.0595,6.9209,1,0
9.8681,10.0812,5.6066,6.9209,1,0
8.3851,6.9119,6.0129,6.9209,1,0
7.7883,7.2000,5.8549,6.9209,1,0
10.0069,9.0207,4.6726,3.9853,2,1
8.4250,7.7662,6.6672,6.9209,1,0
8.7267,9.5652,6.2837,6.9209,1,0
11.3642,11.4592,7.3355,6.9209,1,0
3.4963,2.1079,6.1299,5.9328,2,1
8.0504,7.7955,6.3735,6.9209,1,0
7.1807,6.3229,6.6497,6.9209,1,0
9.8641,9.6441,6.5908,6.9209,1,0
8.2244,8.5331,5.3322,6.9209,1,0
11.4233,11.4260,5.5101,6.9209,1,0
6.9321,8.3161,6.8656,6.9209,1,0
0.9009,0.7582,7.5930,6.9209,1,0
9.3714,8.6157,5.4914,6.9209,1,0
10.3883,9.8571,6.4910,6.9209,1,0
6.4853,7.9455,6.0740,6.9209,1,0
9.7518,10.1105,6.2241,6.9209,1,0
7.1713,7.5834,6.3412,6.9209,1,0
9.8695,9.5972,7.9085,6.9209,1,0
6.0322,6.0209,5.5574,6.9209,1,0
7.8240,8.3684,6.2889,6.9209,1,0
6.7903,7.9561,6.1344,6.9209,1,0
8.5290,6.2570,6.3924,6.9209,1,0
7.6750,7.0215,6.6303,6.9209,1,0
8.5226,8.2750,6.1984,6.9209,1,0
10.6765,11.0538,5.2773,6.9209,1,0
5.5082,5.3486,6.9551,6.9209,1,0
10.2438,10.1511,4.7378,3.3253,2,1
9.1878,9.2662,7.5661,6.9209,1,0
9.6624,9.1672,8.5723,6.9209,1,0
9.3842,9.5773,6.0098,6.9209,1,0
8.7904,7.5149,5.3381,6.9209,1,0
9.0555,9.7578,7.8545,6.9209,1,0
8.9508,7.2840,5.2960,7.1339,2,1
8.1343,8.2443,5.8237,6.9209,1,0
9.9269,9.8314,6.0451,6.9209,1,0
8.0075,8.6126,6.7849,6.9209,1,0
7.4945,4.9662,4.0727,4.5743,2,1
10.2089,10.8310,7.1731,6.9209,1,0
9.9207,10.1694,6.1536,6.9209,1,0
8.5614,8.0601,5.4821,4.3036,2,1
4.7064,4.3787,6.2871,6.7633,2,1
8.5339,8.2275,6.6458,6.9209,1,0
8.9831,9.1220,5.7191,6.9209,1,0
6.2019,6.0037,5.3927,6.9209,1,0
4.8424,6.1885,6.8172,6.9209,1,0
8.0336,8.4806,6.6692,6.9209,1,0
0.7049,0.4538,7.6074,6.9209,1,0
7.9782,8.3429,6.7635,6.9209,1,0
5.3655,7.7125,8.1334,6.9209,1,0
7.9911,8.8396,6.1508,6.9209,1,0
9.3043,8.9710,8.6630,6.9209,1,0
7.4535,2.1499,7.4176,6.9209,1,0
7.5208,7.2198,6.5713,6.9209,1,0
7.1399,7.1482,6.2988,6.9209,1,0
9.2394,8.9337,6.0117,6.9209,1,0
8.1073,8.7221,6.3431,6.9209,1,0
8.2068,7.3782,6.7432,6.9209,1,0
10.5601,10.1634,7.6133,6.9209,1,0
7.5790,6.5233,6.0158,6.9209,1,0
8.2885,8.7558,6.5534,6.9209,1,0
10.3913,9.8126,5.5549,6.9209,1,0
7.3807,8.2633,6.3654,6.9209,1,0
8.7889,8.4128,5.8653,6.9209,1,0
8.2959,7.3872,5.8127,6.9209,1,0
8.3219,7.1811,6.1820,6.9209,1,0
11.1771,9.7288,4.7437,4.2696,2,1
8.6538,9.1126,6.2260,6.9209,1,0
8.5018,8.8707,5.7891,6.9209,1,0
4.0416,3.4757,6.7146,6.9209,1,0
9.0895,9.5941,8.7716,6.9209,1,0
10.2919,10.3471,7.0481,6.9209,1,0
7.4544,8.5157,6.5010,6.9209,1,0
9.6512,9.9299,6.5033,6.9209,1,0
11.7437,11.9297,5.2560,4.7077,2,1
0.6137,0.6073,7.6254,6.9209,1,0
8.9644,9.8450,4.7021,6.9209,1,0
8.1692,8.2811,6.3438,6.9209,1,0
6.9195,7.8009,5.4400,6.9209,1,0
2.8991,3.9889,6.7838,6.8812,2,1
6.5404,6.8206,6.1927,6.9209,1,0
9.2392,8.6654,6.2480,6.9209,1,0
7.4651,6.7256,6.6680,6.9209,1,0
7.0726,7.5652,6.0742,6.9209,1,0
8.2548,8.8331,6.0015,6.9209,1,0
11.3009,11.1594,7.7962,6.9209,1,0
8.1050,8.2465,6.2615,6.9209,1,0
9.7109,10.0421,8.2908,6.9209,1,0
6.9910,6.8286,5.2639,6.9209,1,0
7.0241,8.7201,7.2550,6.9209,1,0
10.4742,10.3376,5.6096,6.9209,1,0
9.7444,9.8591,6.3342,6.9209,1,0
4.0326,0.9844,6.9580,6.9209,1,0
7.8337,8.4529,6.3979,6.9209,1,0
10.8198,11.2858,7.5839,6.9209,1,0
8.9046,8.6368,5.6893,6.9209,1,0
7.1610,5.8968,6.4195,6.9209,1,0
9.2894,9.4378,5.2548,6.9209,1,0
11.8364,11.5988,6.1296,6.9209,1,0
9.9239,9.8569,7.3385,6.9209,1,0
6.9478,5.8754,6.0842,6.9209,1,0
6.6869,6.8581,5.6907,6.9209,1,0
7.2976,6.9415,6.4200,6.9209,1,0
9.7659,9.7797,8.0223,6.9209,1,0
7.2101,7.8045,6.6163,6.9209,1,0
9.7362,10.1950,5.6991,6.9209,1,0
6.6791,7.3972,6.4168,6.9209,1,0
7.7971,3.7622,6.3365,6.9209,1,0
8.1230,7.8280,6.3421,6.9209,1,0
6.4383,7.0440,8.0571,6.9209,1,0
7.3845,7.7745,6.4454,6.9209,1,0
8.6925,8.6313,6.0394,6.9209,1,0
7.4142,5.4661,8.8629,6.9209,1,0
8.3414,8.1397,6.6417,6.9209,1,0
9.6525,9.0959,9.1510,6.9209,1,0
7.0286,7.7004,6.3661,6.9209,1,0
10.7462,10.5692,7.2095,6.9209,1,0
10.0800,10.4869,5.6688,6.9209,1,0
7.9899,7.9675,5.8370,6.9209,1,0
8.5972,8.8856,6.0619,6.9209,1,0
8.1535,8.0080,5.9153,6.9209,1,0
9.4062,9.7638,6.1845,7.8072,2,1
0.6903,0.6233,7.6035,6.9209,1,0
8.0435,8.6286,5.9140,6.9209,1,0
9.9279,9.7356,5.8113,6.9209,1,0
5.4549,8.0079,6.6369,6.9209,1,0
10.5047,10.5088,6.1295,6.9209,1,0
5.9511,6.2154,6.5609,6.9209,1,0
9.4432,8.7197,5.6364,6.9209,1,0
10.8543,10.4997,7.0718,6.9209,1,0
8.3195,9.1179,5.5399,6.9209,1,0
8.2796,8.7008,5.8772,6.9209,1,0
7.7423,7.7432,5.9945,6.9209,1,0
8.1314,7.8888,6.4548,6.9209,1,0
8.7228,9.8889,5.3796,3.5209,2,1
8.7082,9.1004,6.5958,6.9209,1,0
10.1577,10.4901,7.6821,6.9209,1,0
6.7865,5.8293,6.7127,6.9209,1,0
8.0116,6.0425,5.8510,6.9209,1,0
7.3119,8.5473,6.9300,6.9209,1,0
9.0000,8.5928,6.5828,6.9209,1,0
8.4462,8.9937,7.1443,6.9209,1,0
12.2446,12.2137,4.6106,6.9209,1,0
7.9774,6.8007,6.0461,6.9209,1,0
9.8676,9.3245,6.2009,6.9209,1,0
1.4677,1.0666,7.2076,6.9209,1,0
9.4516,10.1572,5.1076,4.7100,2,1
6.0370,4.4758,5.1426,6.9209,1,0
10.4576,10.4147,7.8580,6.9209,1,0
8.9814,8.0753,4.3184,6.9209,1,0
10.1574,9.9501,7.8227,6.9209,1,0
9.3821,9.4935,6.6350,6.9209,1,0
6.0570,6.3890,6.8819,6.9209,1,0
10.7364,10.8128,7.7461,6.9209,1,0
9.5785,10.3047,5.1894,6.9209,1,0
7.7393,8.2220,6.1471,6.9209,1,0
10.2229,10.0752,8.5572,6.9209,1,0
11.8481,11.4476,5.8249,6.9209,1,0
7.3505,7.6177,6.2847,6.9209,1,0
11.6051,11.4876,6.1689,6.9209,1,0
11.6495,11.1277,6.4343,6.9209,1,0
12.0527,12.3757,4.4820,6.9209,1,0
6.6253,6.9199,7.0253,6.9209,1,0
7.7558,7.7908,6.1453,6.9209,1,0
9.4024,9.8951,7.3804,6.9209,1,0
6.4489,6.1290,5.6218,6.9209,1,0
7.8889,8.0182,6.1220,6.9209,1,0
8.4340,6.3089,6.5145,6.9209,1,0
8.0003,7.8753,6.9880,6.9209,1,0
11.0653,11.7113,6.3248,6.9209,1,0
4.9469,4.9493,6.6884,6.9209,1,0
7.8528,8.1711,6.9237,6.9209,1,0
10.5375,10.5376,4.9942,5.5757,2,1
7.5550,6.6826,9.2095,6.9209,1,0
8.3270,8.1030,6.3432,6.9209,1,0
9.6219,9.9084,6.8346,6.9209,1,0
5.7539,6.5738,5.8973,6.9209,1,0
11.6076,11.1932,5.4708,6.9209,1,0
6.8078,5.9418,7.2118,6.9209,1,0
9.6703,8.5003,4.5982,6.9209,1,0
7.5745,7.2301,6.5459,6.9209,1,0
9.8820,10.3038,7.5567,6.9209,1,0
9.4118,8.9029,7.1236,6.9209,1,0
8.7596,8.7051,6.0529,6.9209,1,0
9.6265,9.3367,7.4785,6.9209,1,0
9.6690,9.3713,6.3390,6.9209,1,0
8.1638,7.2975,6.3542,6.9209,1,0
9.3824,8.5887,6.5085,6.9209,1,0
7.0538,7.8654,6.7685,6.9209,1,0
7.7936,7.2663,6.2110,6.9209,1,0
7.5909,5.8180,6.2830,6.9209,1,0
11.4187,11.3405,5.6460,6.9209,1,0
7.4704,7.3757,6.0900,6.9209,1,0
9.1581,8.9937,3.8545,6.9209,1,0
6.6352,9.3542,5.5830,6.9209,1,0
8.0045,8.6802,6.4993,6.9209,1,0
8.1431,8.5495,6.2641,6.9209,1,0
6.2648,5.7957,5.5068,6.9209,1,0
7.8923,7.8400,7.5140,6.9209,1,0
7.8498,7.5700,6.3451,6.9209,1,0
7.3562,5.7344,7.0063,6.9209,1,0
7.2613,7.9426,6.4971,6.9209,1,0
7.5697,8.2079,6.6817,6.9209,1,0
8.4940,7.8482,7.3043,6.9209,1,0
7.3655,8.5864,6.0674,6.9209,1,0
7.5303,8.1132,6.3499,6.9209,1,0
10.7493,10.8895,6.2922,6.9209,1,0
7.3164,8.5888,6.3960,6.9209,1,0
8.0695,7.2599,6.2525,6.9209,1,0
8.6062,9.1799,6.8173,6.9209,1,0
9.3932,9.1912,7.2351,6.9209,1,0
9.8580,9.3564,7.6313,6.9209,1,0
8.3882,8.1147,5.8408,6.9209,1,0
6.9661,6.3114,6.5119,6.9209,1,0
8.3915,8.6355,6.6295,6.9209,1,0
9.7955,9.5968,7.8430,6.9209,1,0
4.3033,3.1952,7.4588,6.5014,2,1
7.9713,9.0760,6.2231,6.9209,1,0
2.6642,2.6358,9.7299,8.8687,2,1
7.0434,7.4091,6.1305,6.9209,1,0
7.5547,7.8462,6.0949,6.9209,1,0
10.5810,10.7181,6.3606,6.9209,1,0
9.5452,9.6809,5.3953,6.9209,1,0
12.4252,12.3762,3.9154,6.9209,1,0
8.6631,9.1649,6.5551,6.9209,1,0
7.0694,8.0364,6.4311,6.9209,1,0
5.4846,6.2881,7.2113,6.9209,1,0
7.9707,7.9909,6.2890,6.9209,1,0
6.4226,3.8225,5.9460,7.0940,2,1
7.5380,6.3837,6.2537,6.9209,1,0
9.6194,9.5227,4.6609,6.9209,1,0
12.1202,12.2177,5.7802,6.9209,1,0
7.5323,8.4949,6.1683,6.9209,1,0
10.3343,9.9917,7.7534,6.9209,1,0
9.7512,9.5616,7.0197,6.9209,1,0
10.4762,11.1146,6.6193,6.9209,1,0
9.6350,8.7100,7.7889,6.9209,1,0
9.2060,9.4073,5.7677,6.9209,1,0
12.3192,12.3482,4.6148,6.9209,1,0
7.4101,3.5442,8.4304,7.6958,2,1
7.5652,7.2284,6.1064,6.9209,1,0
9.2530,9.5785,7.4420,6.9209,1,0
8.3014,8.7949,6.1847,6.9209,1,0
5.5451,7.9416,7.7878,6.9209,1,0
7.3193,6.4057,6.5107,6.9209,1,0
9.5765,10.0008,6.2445,6.9209,1,0
5.4696,7.2390,6.8376,6.9209,1,0
7.2209,7.8708,6.2980,6.9209,1,0
8.0369,8.5625,6.3332,6.9209,1,0
10.7086,10.8508,5.6004,6.9209,1,0
9.0724,9.2876,5.5480,6.9209,1,0
7.4181,7.5325,6.0544,6.9209,1,0
9.4552,9.5013,7.9488,6.9209,1,0
8.3371,8.3292,6.4113,6.9209,1,0
9.8484,9.8606,7.0476,6.9209,1,0
8.0541,8.2553,6.1692,6.9209,1,0
8.3884,8.4615,6.0754,6.9209,1,0
8.5900,7.8021,7.2225,6.9209,1,0
10.4063,10.6567,6.4251,6.9209,1,0
8.2951,8.1797,6.9167,6.9209,1,0
6.3874,6.7203,6.0901,6.9209,1,0
7.5804,8.3741,6.5852,6.9209,1,0
8.6289,8.3301,5.8911,6.9209,1,0
7.2659,8.6411,5.4340,6.9209,1,0
6.3905,6.5271,5.6902,6.9209,1,0
13.6445,12.8727,5.8496,6.9209,1,0
9.2820,8.6390,5.6657,6.9209,1,0
8.1530,9.7784,6.4822,6.9209,1,0
8.9497,8.7411,6.9949,6.9209,1,0
7.2742,7.5524,6.7584,6.9209,1,0
8.1316,8.2406,6.4356,6.9209,1,0
8.4554,7.9593,6.5047,6.9209,1,0
8.5124,7.9815,7.7132,6.9209,1,0
8.0260,6.5935,6.3469,6.9209,1,0
9.4076,9.7205,6.3058,6.9209,1,0
8.1706,7.6353,6.4933,6.9209,1,0
10.6469,9.6457,6.0490,5.9645,2,1
3.0926,2.1458,7.8888,8.6228,2,1
9.6598,9.8119,6.0430,6.9209,1,0
8.3873,6.8203,5.4941,6.9209,1,0
9.4284,9.0593,7.1737,6.9209,1,0
7.0781,7.2849,6.3575,6.9209,1,0
8.8772,8.8048,7.4742,6.9209,1,0
9.7329,9.9492,7.1646,6.9209,1,0
7.3020,7.7298,6.7890,6.9209,1,0
7.3967,8.0010,6.1566,6.9209,1,0
6.3948,10.0460,6.4779,6.9209,1,0
10.4069,10.8814,6.6582,6.9209,1,0
7.9543,7.3922,6.4595,6.9209,1,0
10.6337,10.4738,7.2131,6.9209,1,0
7.1429,7.4769,6.0989,6.9209,1,0
9.9855,10.5305,6.6327,6.9209,1,0
8.2920,9.0749,6.6851,6.9209,1,0
5.4805,5.9705,6.9268,6.9209,1,0
9.2555,10.0633,5.8086,6.9209,1,0
7.9264,7.5507,7.4592,6.9209,1,0
7.2553,7.7457,6.3379,6.9209,1,0
9.3603,8.8088,7.4377,6.9209,1,0
7.4754,7.6471,6.2440,6.9209,1,0
7.3380,7.7989,6.3983,6.9209,1,0
2.6846,2.6982,11.7313,11.6132,2,1
8.6000,7.9404,6.0060,6.9209,1,0
7.2942,8.1199,6.3106,6.9209,1,0
7.5604,5.1612,7.6946,6.9209,1,0
8.9348,8.9089,8.5145,6.9209,1,0
7.0852,7.6041,6.8188,6.9209,1,0
9.4501,8.6732,5.8056,6.4560,2,1
7.4354,6.8909,7.0840,6.9209,1,0
7.8321,7.7138,6.5948,6.9209,1,0
9.0839,9.3476,7.1827,6.9209,1,0
9.8758,7.4476,6.2727,6.9209,1,0
8.1034,8.7930,6.7126,6.9209,1,0
9.8098,10.1655,6.5960,6.9209,1,0
9.5089,10.0453,4.9854,4.6894,2,1
8.1822,7.8563,6.1283,6.9209,1,0
8.0715,7.6703,6.2837,6.9209,1,0
12.4473,12.5814,5.4334,6.9209,1,0
5.6795,4.3838,7.4386,6.9209,1,0
10.5893,10.2022,8.2334,6.9209,1,0
10.7967,9.5369,6.4480,6.9209,1,0
4.4362,4.3865,6.2260,6.9209,1,0
8.2171,7.6072,6.0213,6.9209,1,0
9.6321,9.4786,5.0366,6.9209,1,0