alpha_pred,alpha_true,beta_pred,beta_true,spin
9.4336,9.0745,,,1
6.9492,6.7764,,,1
6.9076,6.2140,,,1
10.7006,10.6841,,,1
6.7809,7.0691,,,1
7.6517,7.6400,,,1
7.4937,7.4634,,,1
8.5608,7.7331,,,1
8.8429,8.7636,,,1
6.0910,5.2316,,,1
8.1752,7.8591,,,1
6.2732,6.4853,,,1
8.1594,8.4913,,,1
6.2172,3.7128,,,1
10.9063,11.0776,,,1
7.9526,8.2762,,,1
7.5017,8.1092,,,1
8.6191,8.7831,,,1
8.7638,8.8621,,,1
11.7628,11.7511,,,1
7.9717,7.6491,,,1
8.2247,5.6215,,,1
12.7710,12.3244,4.9476,5.5314,2
2.9183,2.7497,7.0767,6.1592,2
7.5607,7.6560,,,1
7.8852,8.0082,,,1
7.2411,7.3414,,,1
6.6834,7.1722,,,1
8.2710,8.4677,,,1
10.6655,10.3004,5.0463,3.8717,2
9.0018,9.6014,,,1
8.2650,8.2513,,,1
9.8969,9.9534,,,1
7.9553,6.3273,,,1
8.5052,8.4619,,,1
10.6557,10.7160,7.0761,7.3848,2
6.2272,5.5619,,,1
8.8450,9.0159,,,1
8.3799,9.1725,,,1
9.0072,8.6113,,,1
8.1527,7.5714,,,1
8.8639,6.6788,,,1
6.6764,5.0647,,,1
9.0917,9.8107,,,1
6.7255,6.7346,,,1
6.9489,7.1895,,,1
8.1617,6.8697,,,1
8.4195,7.8111,,,1
8.5708,7.9292,,,1
8.3881,7.0676,,,1
8.4951,8.3400,,,1
10.0055,10.0134,,,1
9.0909,8.9833,,,1
8.4944,8.8500,,,1
9.4165,9.5036,,,1
8.1136,8.8268,,,1
8.9188,8.6287,,,1
8.4533,8.8482,,,1
8.7660,7.0804,,,1
9.8453,9.9881,,,1
0.9494,0.7375,,,1
8.4611,8.0718,,,1
8.1058,7.2333,,,1
8.3568,8.1881,,,1
6.1161,6.2309,,,1
8.6085,8.4523,,,1
8.6093,9.4311,,,1
10.1667,10.1915,,,1
7.7339,8.0510,,,1
10.1848,10.2983,,,1
7.2744,8.8639,,,1
7.5174,5.7694,,,1
7.7724,1.6266,,,1
7.0081,7.7677,,,1
9.7833,9.6987,,,1
9.6822,9.6492,,,1
7.7966,7.8081,,,1
8.1882,7.3755,,,1
9.5783,9.1842,,,1
9.1557,9.2742,,,1
10.2047,9.8514,,,1
7.9279,7.6830,,,1
6.9734,7.0070,,,1
5.5737,6.8789,,,1
6.7915,6.9091,,,1
9.0647,9.3556,,,1
8.4167,6.1019,,,1
12.6514,12.5795,,,1
8.7330,8.0994,,,1
10.9245,10.7718,6.2012,6.2746,2
8.2400,9.1856,,,1
6.3672,6.6329,,,1
12.0183,12.2353,,,1
10.7464,10.7667,,,1
9.2536,9.1447,,,1
8.0302,7.2356,,,1
10.4517,10.5944,,,1
7.5223,7.5509,,,1
6.6226,6.5998,,,1
7.0752,7.5577,,,1
8.6943,8.4832,,,1
8.4562,8.5504,,,1
8.1951,8.1332,,,1
8.3881,8.1201,,,1
6.4515,7.9984,,,1
7.2196,8.5979,,,1
7.8302,7.7275,,,1
9.3331,8.5033,,,1
7.1703,7.0992,,,1
7.9463,8.8572,,,1
6.6588,4.3996,,,1
8.9165,8.9374,,,1
7.2083,8.3983,,,1
9.2968,9.4544,,,1
6.8897,1.4577,,,1
9.4038,9.9390,,,1
7.6564,9.1275,,,1
8.3509,8.3923,,,1
7.9411,7.2997,,,1
7.9893,8.3064,,,1
9.0766,9.7056,,,1
5.7836,5.3688,,,1
6.3552,6.7636,,,1
7.0976,7.9139,,,1
8.0391,6.8126,,,1
8.5694,8.5915,,,1
10.0011,9.9177,,,1
8.9950,8.9267,,,1
8.2313,8.3761,,,1
7.7068,7.5358,,,1
8.6750,9.0797,,,1
9.5152,9.8598,4.6642,4.6601,2
8.2044,8.1299,,,1
8.3883,8.7613,,,1
11.2131,11.7178,,,1
10.1661,9.9757,,,1
8.6735,8.6154,,,1
10.5676,10.7228,,,1
9.1342,9.5129,,,1
6.0837,6.2368,,,1
8.5653,8.1669,,,1
7.4803,7.6370,,,1
8.9515,8.6088,,,1
7.5876,6.9585,,,1
7.9101,8.3885,,,1
9.6889,9.8608,,,1
8.0087,7.9827,,,1
6.3257,5.9276,,,1
7.7351,8.2686,,,1
6.1524,6.3905,,,1
10.1919,9.7012,,,1
8.9474,8.2533,,,1
7.6997,7.9536,,,1
9.2158,9.0117,,,1
5.9863,6.5691,,,1
10.1499,10.0779,,,1
4.3418,3.6202,,,1
7.8671,7.6387,,,1
0.5380,0.3071,,,1
10.4829,10.3031,5.0323,5.0645,2
7.9139,7.6735,,,1
8.0106,7.7594,,,1
9.0143,9.4223,,,1
8.6171,8.0567,,,1
10.9381,11.1489,,,1
7.4237,7.2826,,,1
10.1047,10.5561,,,1
6.9761,6.9501,,,1
8.2084,8.1120,,,1
11.4412,11.5307,,,1
8.0080,7.7361,,,1
10.5829,10.5655,,,1
10.2486,9.3674,,,1
6.1802,5.3486,,,1
9.7194,10.0018,,,1
5.0974,4.7568,,,1
9.1582,9.3439,,,1
9.9897,9.9862,,,1
9.2471,9.4532,,,1
1.0463,0.7819,,,1
2.1889,2.7033,8.1326,9.7859,2
11.3928,11.0076,,,1
8.9906,8.6895,,,1
10.9191,11.3354,7.2581,8.9149,2
9.5867,9.7327,,,1
7.0304,6.7430,,,1
8.2571,7.4247,,,1
9.9551,10.1369,,,1
7.1753,7.4776,,,1
7.7524,5.1427,,,1
7.6659,7.6953,,,1
6.7131,6.7913,,,1
7.8456,5.8161,,,1
8.8990,8.4597,,,1
8.5036,7.6811,,,1
8.9870,9.5089,,,1
6.9453,7.5805,,,1
6.9188,8.3104,,,1
8.1830,7.1523,,,1
10.7255,10.1914,,,1
9.5730,10.1723,,,1
7.7789,7.2205,,,1
7.8632,8.2776,,,1
12.0903,11.8048,,,1
10.0208,10.5696,,,1
8.5740,9.6902,,,1
8.7139,8.8776,,,1
7.4102,9.1324,,,1
7.7801,8.7359,,,1
7.2200,9.1041,,,1
11.2156,11.5429,,,1
9.5520,9.4493,,,1
7.1873,6.4230,,,1
7.3320,7.3881,,,1
10.8356,10.7077,5.3577,4.9849,2
9.5898,9.7542,5.9078,5.6125,2
7.8748,8.7374,,,1
9.7053,9.8192,,,1
9.2564,9.5283,,,1
7.3322,6.1275,,,1
6.7368,5.5075,,,1
7.0923,8.3143,,,1
8.2474,8.5160,,,1
7.3277,7.9533,,,1
6.4914,5.1744,,,1
12.5925,12.5542,,,1
4.4260,4.3696,9.9622,10.1534,2
11.2776,11.0316,,,1
8.0226,8.2838,,,1
8.8407,6.6495,,,1
9.5195,9.7887,,,1
5.8134,5.9565,,,1
7.5055,7.5377,,,1
7.8732,7.7791,,,1
9.9241,9.7474,,,1
6.6906,6.9322,,,1
7.7923,7.7868,,,1
10.3862,10.6010,,,1
12.9089,12.8445,,,1
8.8933,9.1949,,,1
10.3630,10.4088,,,1
10.2943,10.0715,,,1
3.4316,3.7914,6.5780,7.4474,2
8.7404,7.5416,,,1
10.8355,10.3222,6.9568,7.6601,2
5.3791,0.6017,,,1
4.4750,5.3765,,,1
7.5062,5.1054,,,1
9.6858,9.6413,,,1
9.0472,8.5987,,,1
10.6045,10.1511,3.7169,3.3253,2
8.3794,8.4003,,,1
9.7478,9.9294,,,1
7.9768,9.6628,,,1
6.3768,7.9481,,,1
7.7676,8.7348,,,1
6.1477,6.4952,,,1
8.5874,8.2944,,,1
7.3513,5.2047,,,1
7.4318,7.4830,,,1
9.5630,9.9466,,,1
9.3740,6.5886,,,1
9.8267,10.0012,,,1
10.3942,9.9712,,,1
8.4063,8.2583,,,1
5.1646,6.3027,,,1
7.0930,5.3825,,,1
7.6469,6.1373,,,1
9.1437,9.5036,,,1
6.1059,6.0346,,,1
8.6263,8.4187,,,1
6.5817,6.3477,,,1
8.5041,7.6432,,,1
8.5965,9.8105,,,1
8.2745,8.1354,,,1
9.8635,9.8787,,,1
10.3641,11.0054,,,1
9.5901,9.7698,,,1
8.3681,7.7897,,,1
9.5771,10.6560,,,1
8.4452,8.2277,,,1
9.6135,9.0209,,,1
8.1880,8.2636,,,1
6.6035,6.5843,,,1
9.8133,10.4425,,,1
5.6395,5.4091,,,1
7.9627,7.8606,,,1
7.7382,7.0923,,,1
9.9801,9.7164,,,1
5.4651,5.9527,,,1
7.8501,6.9568,,,1
6.1350,6.6789,,,1
9.0150,9.0517,,,1
10.4159,10.0562,,,1
10.1446,9.7577,,,1
7.7459,6.3963,,,1
4.6286,6.6718,,,1
10.0711,8.7880,,,1
7.7819,6.8468,,,1
10.5580,11.9363,5.2049,2.3175,2
6.3315,6.0031,,,1
6.9828,7.0892,,,1
7.6726,4.1783,7.6109,9.2942,2
8.0329,8.4848,,,1
7.6685,3.8237,,,1
9.5959,10.1578,,,1
7.4211,7.8228,,,1
9.8136,10.0166,,,1
10.2458,9.8817,,,1
8.4760,8.4419,,,1
9.1404,3.2665,,,1
10.5279,10.6388,,,1
7.3909,8.0104,,,1
8.8611,8.2162,,,1
6.8932,7.5069,,,1
10.4340,10.6848,,,1
8.4589,8.4459,,,1
8.3910,7.6958,,,1
10.4628,10.5977,,,1
7.4178,7.3268,,,1
10.0098,10.2811,,,1
6.9504,4.8277,,,1
7.9313,8.0036,,,1
7.0914,6.5935,,,1
7.8220,7.7915,,,1
5.1787,3.3368,9.0514,9.2026,2
7.1775,7.2957,,,1
6.9130,6.8938,,,1
11.1635,11.6804,,,1
7.7844,7.4364,,,1
10.4360,10.7704,,,1
7.6198,7.3692,,,1
7.8452,7.9203,,,1
7.0861,7.4587,,,1
9.8428,10.6686,,,1
7.5188,6.7167,,,1
9.9630,9.4896,,,1
7.8860,8.0236,,,1
10.0256,9.2579,4.7165,4.2159,2
2.5120,3.3766,9.3572,10.2847,2
6.8638,6.7563,,,1
6.9529,7.5071,,,1
8.3430,9.1307,,,1
9.4460,9.6655,,,1
8.2741,8.6551,,,1
6.6191,6.9375,,,1
11.2195,10.7644,5.9035,6.1016,2
6.7109,7.0631,,,1
6.3445,6.4401,,,1
9.3582,8.9778,,,1
8.0639,7.5122,,,1
9.1679,8.6383,,,1
8.9251,8.9629,,,1
8.0208,7.9641,,,1
8.8779,9.8889,6.3434,3.5209,2
6.6517,6.5886,,,1
3.8917,2.5265,,,1
11.9289,13.5690,3.7233,4.4220,2
9.4290,9.3663,,,1
7.5740,7.5260,,,1
7.6282,7.8182,,,1
8.0903,8.5173,,,1
9.4227,6.5972,,,1
8.0735,8.2365,,,1
10.5519,11.0225,,,1
9.6638,9.6878,,,1
10.1858,10.4281,,,1
7.9113,3.1478,6.9182,8.5865,2
4.1948,3.7833,,,1
11.0449,8.7833,4.9210,4.7710,2
7.5202,7.3816,,,1
6.7394,6.4817,,,1
6.1546,4.3838,,,1
8.6512,8.1958,,,1
6.9188,7.5900,,,1
7.0829,7.2216,,,1
7.4495,8.2713,,,1
6.1423,6.2487,,,1
6.8803,4.3699,9.0005,8.8962,2
8.2648,8.4435,,,1
12.8094,13.3977,,,1
9.7021,9.5325,,,1
5.2165,2.6324,9.0815,9.6605,2
7.8384,8.3688,,,1
8.3052,8.4368,,,1
6.4281,2.5517,,,1
10.3032,10.4075,,,1
9.3502,8.6876,,,1
5.5420,4.6142,,,1
8.5909,7.9951,5.2709,4.6182,2
9.1695,9.3668,,,1
7.3452,6.3578,,,1
9.6625,9.1078,,,1
8.5857,8.6878,,,1
8.8780,8.8958,,,1
8.3301,8.3824,,,1
7.2356,7.4017,,,1
6.7502,7.3511,,,1
5.9515,6.4199,,,1
7.6012,8.6454,,,1
5.4756,5.1410,,,1
8.2799,8.0603,,,1
7.5376,8.8358,,,1
10.2444,9.9261,,,1
8.6760,8.9880,,,1
8.5956,8.8452,6.0210,6.7906,2
7.7162,7.7226,,,1
10.5452,10.3367,4.5789,4.8013,2
11.0655,10.8135,,,1
7.9151,9.1849,,,1
8.1445,5.8032,,,1
0.6829,0.6073,,,1
9.3191,8.7629,,,1
7.4251,1.6715,,,1
2.9490,1.9321,7.1161,7.0864,2
6.8088,5.2143,,,1
8.1428,7.1554,,,1
6.9064,7.3325,,,1
10.9562,11.2638,,,1
8.9420,9.0383,,,1
8.4011,9.2501,,,1
6.8595,7.0399,,,1
8.7666,8.6506,,,1
7.6672,8.4559,,,1
6.3187,6.2306,,,1
10.5775,10.7771,,,1
10.1766,9.5519,,,1
7.2595,6.5782,,,1
7.0033,6.0434,,,1
7.5139,6.2991,,,1
11.9454,12.0017,,,1
7.9281,8.2171,,,1
6.1251,6.0768,,,1
7.9663,6.9744,,,1
6.7369,6.4169,,,1
8.8542,8.8709,,,1
9.8405,9.5238,,,1
9.4225,7.8646,,,1
7.6684,4.2689,7.3410,8.7658,2
7.2737,7.4334,,,1
8.7427,9.2403,,,1
4.3797,2.4058,8.7596,8.9472,2
9.1934,8.3674,,,1
8.8616,9.3564,,,1
10.1784,10.2055,,,1
7.2198,7.3028,,,1
6.8581,6.3933,,,1
11.9819,11.9665,,,1
6.1911,6.5157,,,1
7.2863,8.0144,,,1
3.4103,2.8783,11.4164,12.0889,2
3.3220,3.3820,11.0636,11.0714,2
7.8082,8.1791,,,1
12.6043,13.3290,,,1
7.5620,8.4520,,,1
10.2401,10.5116,,,1
7.3983,6.8098,,,1
10.9008,11.1955,,,1
7.2321,6.2242,,,1
9.3409,9.0971,,,1
7.3701,8.3216,,,1
8.3907,8.3748,,,1
9.5868,9.6358,,,1
8.0509,8.1564,,,1
7.1229,8.0031,,,1
8.9192,9.0373,,,1
5.2303,3.5442,8.6391,7.6958,2
5.0834,3.6924,,,1
9.0793,9.7993,,,1
9.2549,9.4025,,,1
8.2455,8.5074,,,1
3.4569,2.7627,8.3910,8.7355,2
9.9213,9.7954,,,1
8.3501,8.9555,,,1
8.9719,8.5683,,,1
8.2798,9.0407,,,1
9.6651,10.1214,,,1
7.8947,8.5697,,,1
7.1610,8.0268,,,1
7.5265,6.2052,,,1
6.2610,6.1037,,,1
9.3232,9.0422,,,1
7.3045,7.6479,,,1
6.4301,5.2548,,,1
7.7693,8.0081,,,1
8.8630,8.8997,,,1
8.7176,8.6769,,,1
9.4159,9.7031,,,1
6.4095,6.5630,,,1
12.3685,12.3901,,,1
9.0208,9.4941,,,1
8.3117,7.7298,,,1
7.9529,8.9032,,,1
7.2046,1.1047,,,1
7.9440,8.0004,,,1
7.5095,7.3921,,,1
7.9550,6.7868,,,1
9.3609,9.8738,,,1
8.2753,10.0982,,,1
2.4684,2.6310,9.0367,9.1436,2
10.0673,10.0451,,,1
8.6979,8.1113,,,1
7.2543,6.5093,,,1
9.6128,9.9228,,,1
8.2743,7.9796,,,1
6.1438,6.3526,,,1
7.7851,7.9967,,,1
10.8158,11.4375,,,1
10.5145,10.5137,,,1
9.2220,9.4795,,,1
7.3778,7.3484,,,1
8.5650,9.4822,,,1
9.2195,8.7935,,,1
10.6903,10.8196,5.6284,5.6868,2
8.1120,8.1321,,,1
9.1753,9.0204,,,1
12.0130,11.9970,,,1
8.9288,8.8116,,,1
5.0900,4.9626,,,1
9.1772,7.6652,,,1
7.1140,6.0545,,,1
8.5744,9.0207,,,1
6.9729,8.2437,,,1
9.9009,9.8225,,,1
7.6678,8.4674,,,1
9.7085,10.4864,,,1
9.9651,9.9777,,,1
8.2056,8.5779,,,1
10.3167,10.4991,,,1
5.2918,5.7649,,,1
12.3638,12.6236,,,1
9.7255,9.8573,,,1
9.5697,9.3853,,,1
8.0526,8.3716,,,1
5.0453,4.8460,,,1
9.7969,9.3726,,,1
6.3829,4.5233,,,1
9.5988,9.5263,,,1
7.3824,6.1814,,,1
8.2445,7.9238,,,1
8.3247,8.4021,,,1
9.4578,9.5773,,,1
10.2328,10.0028,,,1
8.2477,8.0534,,,1
8.7850,9.3471,,,1
2.6462,2.6562,9.2491,9.4703,2
9.0087,9.3845,,,1
0.5814,0.4868,,,1
7.7769,8.7331,,,1
7.2230,7.6743,,,1
6.1124,3.7354,6.8270,7.6731,2
9.2298,9.0834,,,1
9.3102,9.2373,,,1
2.8760,2.0432,8.3779,6.3792,2
7.3697,7.9223,,,1
7.8042,7.8404,,,1
7.4274,7.8490,,,1
9.4866,9.0475,,,1
6.5688,7.2489,,,1
7.3463,6.6754,,,1
9.7554,9.7961,5.9844,6.1124,2
8.2385,7.4337,,,1
4.7678,6.6708,,,1
10.9977,10.5532,5.7341,5.8147,2
8.8668,7.9921,,,1
6.8820,8.2280,,,1
8.7623,8.4803,,,1
6.9131,7.2710,,,1
9.4187,9.4132,,,1
5.6089,6.3433,,,1
8.1297,8.0170,,,1
6.6982,4.6431,,,1
9.0271,9.3838,,,1
9.0642,9.1985,,,1
9.2410,8.8784,,,1
9.5900,9.1996,,,1
11.5206,11.6463,,,1
5.7733,6.2660,,,1
8.1572,8.5620,,,1
11.6947,10.7083,,,1
10.2670,10.5366,,,1
9.3137,8.8006,6.9179,6.5123,2
9.1420,9.3030,,,1
7.4813,7.4261,,,1
9.1460,9.0267,,,1
9.3313,9.4335,,,1
6.5258,7.3519,,,1
8.3336,8.4992,,,1
9.9826,9.5169,,,1
3.0688,6.2190,6.7109,6.1290,2
11.0185,11.3701,,,1
8.2923,8.2253,,,1
8.0320,8.2616,,,1
8.4176,7.8910,,,1
6.0667,6.0280,,,1
7.9717,6.0917,,,1
11.1391,11.1756,,,1
9.6749,11.1771,6.0193,7.1218,2
8.7325,8.3946,,,1
8.3672,2.0539,6.3912,8.5224,2
7.8245,7.7660,,,1
8.3355,8.0584,,,1
6.7664,5.7944,,,1
6.5590,6.3510,,,1
8.5890,8.1128,,,1
6.8378,7.6843,,,1
8.8876,9.3340,,,1
8.2099,8.0777,,,1
7.6290,7.3232,,,1
9.2525,9.5356,,,1
10.0615,10.1095,,,1
6.5585,6.7511,,,1
9.6930,9.5717,,,1
9.4460,8.4111,,,1
9.4392,9.5653,,,1
8.3849,8.2047,,,1
7.4114,7.2856,,,1
8.3655,8.4775,,,1
11.1745,11.3780,,,1
10.1229,10.0160,,,1
8.8307,8.2237,,,1
11.2260,11.7162,,,1
11.2695,11.7288,,,1
9.6235,9.7881,,,1
11.2630,11.3628,,,1
7.6557,8.4276,,,1
7.9365,7.4233,,,1
7.2494,7.9119,,,1
10.0292,7.6426,5.5689,2.6836,2
9.0219,9.1584,,,1
7.4803,7.1441,,,1
7.9480,8.6988,,,1
12.5173,12.3762,,,1
7.9502,5.5206,,,1
9.6763,9.2123,,,1
8.6963,7.5827,,,1
4.5925,4.6577,,,1
10.0864,9.8163,,,1
6.1375,6.4355,,,1
8.7883,9.1856,,,1
7.8189,7.3009,,,1
9.3425,8.6620,3.8996,4.0335,2
9.7592,9.7810,,,1
8.0601,9.5620,,,1
8.9636,8.3722,,,1
7.0376,7.1487,,,1
8.4516,8.3752,,,1
7.0117,5.3245,,,1
7.2353,8.9869,,,1
9.2946,9.8342,,,1
8.5257,8.8530,,,1
2.9033,5.3423,,,1
6.6270,5.9184,,,1
8.5295,8.9671,,,1
6.0267,5.8528,,,1
10.8817,10.7536,,,1
9.3256,9.2909,,,1
9.4175,9.4746,,,1
9.5113,10.1196,,,1
9.1217,9.2736,,,1
9.5996,3.9136,,,1
6.7843,4.9079,,,1
9.4283,10.1011,,,1
9.1573,9.7710,,,1
7.2413,7.3735,,,1
7.2267,6.6872,,,1
9.4238,9.1961,,,1
9.6303,10.1164,,,1
9.6012,9.3414,,,1
7.3565,7.1306,,,1
6.0249,5.6579,,,1
6.4907,6.4591,,,1
7.4378,7.7347,,,1
10.1098,10.1145,,,1
7.8168,6.2258,,,1
8.2624,8.3229,,,1
7.8314,7.4333,,,1
10.3362,10.6266,,,1
7.4485,7.9481,,,1
8.1588,8.3763,,,1
6.9544,7.6054,,,1
9.4216,9.5760,,,1
8.6377,8.4227,,,1
7.4292,8.1966,,,1
9.4831,9.3500,,,1
8.9577,8.8559,,,1
9.7919,10.0409,,,1
7.8637,5.9413,,,1
7.5880,8.8104,,,1
12.6994,12.3489,,,1
4.3335,3.9504,,,1
7.9564,8.3252,,,1
9.8810,9.3993,,,1
8.0583,7.5641,,,1
9.2281,9.6294,,,1
8.0613,8.2873,,,1
10.1915,10.7871,,,1
7.7208,8.4526,,,1
9.1722,9.5499,,,1
8.8151,8.6661,,,1
7.6531,8.1642,,,1
8.1332,8.5637,,,1
7.6855,7.6775,,,1
11.5122,11.4546,,,1
7.1646,7.5113,,,1
9.6418,9.8182,,,1
8.7661,8.9493,,,1
7.8208,7.4066,,,1
8.8399,9.1756,,,1
7.0523,5.5203,,,1
9.2991,9.5878,,,1
8.0371,7.7587,,,1
7.9029,7.6677,,,1
8.3058,8.5536,,,1
7.2340,7.5425,,,1
5.7374,5.3596,6.4408,7.1405,2
9.1216,9.0970,,,1
7.7092,6.4988,,,1
2.9075,2.9406,9.4480,9.8178,2
10.8533,7.8228,,,1
7.9727,8.0262,,,1
7.4646,8.3041,,,1
5.6596,6.1034,,,1
7.2060,7.4988,,,1
8.9856,8.9520,,,1
8.5142,2.7198,5.9954,9.0586,2
8.8623,7.7655,,,1
8.9195,10.1696,6.3800,5.8912,2
11.4889,12.5193,6.3002,7.2530,2
0.6858,0.1494,,,1
7.0218,7.8350,,,1
9.4636,9.4232,,,1
8.7108,9.1030,,,1
8.0644,8.2236,,,1
7.6744,7.6813,,,1
9.0006,9.1535,,,1
9.6365,9.4235,,,1
7.3179,7.4714,,,1
6.7470,7.9689,,,1
10.9605,10.2464,5.9562,5.4744,2
8.9461,9.2446,,,1
12.3131,12.1625,,,1
10.0306,9.9728,,,1
8.3144,7.9191,,,1
6.1445,5.7543,,,1
7.0260,5.0045,,,1
7.7064,8.4340,,,1
8.0493,7.9765,,,1
8.0439,8.0899,,,1
9.5234,9.7969,,,1
6.0083,6.6092,,,1
7.7941,7.1485,,,1
7.5295,8.1179,,,1
7.9970,6.6290,,,1
7.1384,7.7717,,,1
7.4096,7.0838,,,1
6.5408,6.8977,,,1
7.8227,8.5658,,,1
9.9571,9.7431,,,1
6.4959,6.6150,,,1
9.2860,9.0619,,,1
6.8093,4.0637,,,1
4.7742,5.3531,,,1
4.3602,3.3973,,,1
6.5461,7.5522,,,1
7.6835,7.7817,,,1
7.2531,4.7031,,,1
7.1453,8.0289,,,1
10.3292,10.0188,,,1
9.8501,9.7634,,,1
8.2202,8.3405,,,1
7.0119,8.5972,,,1
8.0473,9.6134,,,1
8.2160,8.3862,,,1
6.3429,5.5235,,,1
7.4037,7.0094,,,1
7.3302,6.5942,,,1
10.4100,10.2705,,,1
9.4437,8.7087,,,1
7.7067,8.8385,,,1
10.0307,12.1035,6.9468,8.9121,2
7.4065,7.0652,,,1
10.4216,10.7108,,,1
10.6253,10.7999,,,1
11.8416,11.9297,4.5651,4.7077,2
10.9077,11.2433,5.9787,6.4727,2
6.4594,5.7350,,,1
9.0708,9.1730,,,1
10.4165,10.1263,6.8136,6.4165,2
7.6754,7.4453,,,1
0.7448,0.7118,,,1
8.2708,4.8178,,,1
10.3237,10.2854,,,1
7.5232,7.9785,,,1
8.2588,8.5761,,,1
7.5833,8.4591,,,1
8.1031,7.6016,,,1
7.2309,7.2548,,,1
3.9118,3.0851,,,1
8.0376,7.7817,,,1
6.4331,5.4898,,,1
7.6511,7.7770,,,1
7.5976,7.8869,,,1
8.1544,7.5852,,,1
6.7573,6.5723,,,1
10.7231,10.6995,,,1
6.8236,6.6794,,,1
8.2617,7.8218,,,1
6.3292,5.4017,,,1
7.2326,7.4131,,,1
13.2035,13.4331,,,1
8.0968,7.3167,,,1
3.9167,4.0306,,,1
6.6435,6.7210,,,1
7.1566,8.0735,,,1
6.9802,7.0866,,,1
9.8687,9.8121,,,1
7.9958,8.1127,,,1
9.0856,8.4889,,,1
6.8734,7.2352,,,1
6.2512,6.5889,,,1
7.6304,8.1195,,,1
9.7696,10.1880,,,1
9.1340,9.4404,,,1
10.7772,10.6331,,,1
8.2519,7.4859,,,1
10.8066,10.5929,,,1
8.0749,9.1553,,,1
6.5864,8.8370,,,1
7.3950,5.8011,,,1
7.6950,7.7997,,,1
7.5623,7.8468,,,1
7.5104,7.4673,,,1
5.7682,4.7969,9.1595,8.8693,2
12.5274,12.3813,,,1
8.4200,8.9890,,,1
7.4677,7.6277,,,1
6.1758,6.3182,,,1
5.6943,6.5072,,,1
7.4729,7.7659,,,1
7.4141,7.2647,,,1
8.9139,7.2871,,,1
7.7738,8.2244,,,1
8.9763,8.5359,,,1
7.9100,7.3484,,,1
8.5179,8.3818,,,1
8.8065,8.8875,,,1
8.6609,8.4352,,,1
8.4387,9.3432,,,1
9.0661,9.0688,,,1
6.6622,6.6530,,,1
8.4218,8.8275,,,1
8.0359,9.5166,,,1
8.8268,8.4370,,,1
12.4496,12.7581,,,1
7.8760,7.7456,,,1
3.1718,2.5483,7.0321,6.8949,2
6.6265,6.8164,,,1
9.3001,9.2531,,,1
8.6356,8.6946,,,1
7.1654,7.1667,,,1
7.9178,7.4875,,,1
9.1749,9.4756,,,1
8.7217,7.4758,,,1
8.7299,8.5672,,,1
9.1255,9.0207,,,1
8.0085,7.9133,,,1
9.0359,9.4361,4.9991,3.8803,2
9.9936,10.0057,,,1
5.1423,3.2813,10.6420,10.6038,2
10.7091,10.8066,,,1
9.3808,9.1407,,,1
9.8446,10.2001,,,1
7.5239,5.7934,,,1
6.7430,7.2628,,,1
9.3738,9.3166,,,1
7.5016,7.3203,,,1
7.9514,7.3142,,,1
9.2405,9.3168,,,1
7.5949,8.6012,,,1
6.0449,3.5890,,,1
6.9426,5.8630,,,1
5.5613,6.9706,5.2825,8.4113,2
8.7232,8.0443,,,1
8.1621,6.3905,,,1
9.8224,9.7123,,,1
6.3094,3.7418,,,1
10.2116,9.5798,,,1
3.9382,3.9464,10.7433,10.7100,2
7.6698,8.3011,,,1
7.7956,7.8650,,,1
10.5395,10.8175,,,1
10.5446,10.6622,,,1
8.7147,8.9908,,,1
8.9876,9.7027,,,1
8.8684,8.3915,,,1
8.4369,8.5943,,,1
7.4615,7.1679,,,1
7.6088,7.1553,,,1
8.8433,4.7163,,,1
8.7639,7.4048,,,1
10.5298,9.7195,,,1
7.4970,7.7218,,,1
11.2766,11.2219,,,1
3.6943,3.2101,6.7954,5.5076,2
9.3300,9.2449,,,1
8.6365,6.6050,,,1
9.5754,9.6490,,,1
9.9882,10.2295,6.3019,6.4873,2
10.4882,10.5536,,,1
8.8089,8.5657,,,1
6.6403,7.1243,,,1
8.5815,8.0509,,,1
8.6290,8.8113,,,1
6.7774,6.7208,,,1
8.6006,9.1051,,,1
8.6124,8.8272,,,1
9.8775,2.6797,,,1
7.2803,5.2279,,,1
8.6458,9.3510,,,1
8.1576,7.3282,,,1
9.7287,9.6787,,,1
7.7408,8.0781,,,1
8.7817,8.3704,,,1
8.9014,8.6335,,,1
7.9418,7.6239,,,1
8.8533,6.7490,,,1
8.2799,7.4980,,,1
9.7257,9.7380,,,1
9.6676,9.8419,,,1
6.9697,7.1859,,,1
9.5996,10.1624,,,1
0.6222,0.5817,,,1
10.4065,10.1645,,,1
7.6685,7.7826,,,1
10.7661,10.9193,,,1
8.5170,10.7860,,,1
9.5246,9.4828,,,1
10.5494,10.2140,,,1
7.0127,6.9486,,,1
7.2492,8.0552,,,1
8.8187,8.4760,,,1
10.9821,11.4248,,,1
9.0693,8.8587,,,1
8.4332,8.3288,,,1
4.1182,5.0673,,,1
7.5478,7.7778,,,1
9.1334,9.0816,,,1
11.1039,11.4796,,,1
7.1128,5.7423,,,1
7.7238,6.7665,,,1
6.9304,7.3875,,,1
6.4118,6.7936,,,1
10.1487,10.4055,,,1
8.9611,7.9050,,,1
7.6365,7.8652,,,1
5.6523,6.4597,,,1
12.7773,12.8132,,,1
8.9949,9.3214,,,1
7.3908,7.8847,,,1
10.5659,10.4324,,,1
10.5701,10.6469,,,1
8.2109,9.1776,7.6768,6.3191,2
5.7281,7.1788,6.0865,6.0991,2
6.8766,6.3160,,,1
2.6004,2.5507,11.5306,11.9341,2
8.1673,8.8754,,,1
7.7079,7.7963,,,1
8.3132,8.5373,,,1
8.5877,8.7509,,,1
9.1396,9.4613,,,1
8.3874,8.7921,,,1
6.6412,6.5841,,,1
8.1216,7.6216,,,1
7.4009,7.8045,,,1
7.1173,7.8400,,,1
9.0781,10.3354,4.3349,3.4727,2
7.2030,7.1030,,,1
8.7741,8.7087,,,1
7.7384,7.9087,,,1
9.4689,9.5547,,,1
6.8592,7.0382,,,1
7.4478,7.7166,,,1
7.2627,6.9933,,,1
10.1590,10.2901,,,1
12.9526,12.2744,5.0813,4.4339,2
10.0927,10.5609,,,1
8.8454,9.9383,,,1
9.0547,8.8092,,,1
9.2678,9.3168,,,1
7.1419,9.0573,,,1
5.3411,4.4104,,,1
5.6030,6.3597,,,1
9.0211,8.5310,,,1
7.0439,8.3007,,,1
11.1192,12.0268,,,1
7.7375,8.5952,,,1
8.3581,8.6205,,,1
9.6900,9.6879,,,1
8.6108,9.1440,,,1
7.0733,6.3894,,,1
6.1594,6.1830,,,1
11.1465,8.8011,3.4540,1.4005,2
9.8552,10.3834,,,1
9.7794,9.9956,,,1
7.3621,8.0010,,,1
9.0170,8.7190,,,1
8.4180,8.0043,,,1
6.7762,6.8159,,,1
7.1581,7.0871,,,1
7.9709,7.2257,,,1
9.9159,10.1217,,,1
7.2849,7.7121,,,1
2.8095,2.6844,11.8087,11.9168,2
8.8790,8.7393,,,1
9.0457,9.7378,,,1
7.4170,6.9405,,,1
9.3231,8.6157,,,1
8.4291,9.0755,,,1
6.0591,5.9760,,,1
6.8594,7.0020,,,1
11.0541,11.6265,,,1
9.1121,9.5673,,,1
2.5128,2.8450,9.3179,8.9063,2
11.4522,6.3329,,,1
9.2323,8.2108,,,1
7.6592,7.9217,,,1
6.8725,6.8385,,,1
2.9775,2.6403,10.0468,10.6048,2
10.7747,10.4368,,,1
9.7799,10.4165,,,1
6.3844,5.3473,,,1
8.1048,8.7117,,,1
8.2344,9.6160,,,1
7.3330,8.0349,,,1
10.8561,10.4555,,,1
10.1946,10.4395,,,1
7.8849,7.8892,,,1
9.3348,9.1468,,,1
8.9880,9.8339,,,1
8.7795,8.5510,,,1
3.6590,3.5069,7.2759,6.6821,2
6.4433,5.3658,,,1
8.8944,8.6194,,,1
8.3902,2.2185,9.2748,9.9801,2
10.3347,10.0410,,,1
8.2497,7.4891,,,1
8.8233,8.3438,,,1
7.6796,7.5757,,,1
8.4750,7.3178,,,1
6.2275,6.3832,,,1
10.0116,10.2407,,,1
7.2204,8.0221,,,1
11.0426,10.8635,,,1
11.0036,11.1594,,,1
7.4120,7.8445,,,1
8.4079,8.6221,,,1
6.1394,6.1479,5.5715,3.9824,2
9.0882,10.0658,,,1
9.5440,9.3090,,,1
9.7552,9.6084,,,1
7.7084,5.9786,,,1
5.4420,7.5802,6.3951,6.0849,2
9.8284,10.0393,,,1
8.5855,9.2872,,,1
8.7152,8.4200,,,1
7.2534,7.3866,,,1
7.1198,6.5702,,,1
9.5537,9.9306,,,1
9.8124,9.9008,,,1
8.1373,8.4219,,,1
7.8952,8.4964,,,1
10.9477,10.6525,,,1
9.1066,9.8384,,,1
10.7270,10.6525,,,1
10.3562,10.1796,,,1
10.6445,11.4665,,,1
9.1471,9.7018,,,1
12.2497,12.5182,,,1
9.1690,9.9797,,,1
9.1318,9.1964,,,1
6.3856,5.5208,,,1
11.2516,11.5457,,,1
7.1844,7.7395,,,1
8.2691,7.9116,,,1
8.3568,8.1796,,,1
8.9515,8.8226,,,1
6.8322,6.7885,,,1
8.6898,8.2672,,,1
6.5936,7.6430,,,1
9.6535,8.8048,,,1
8.8521,9.3793,,,1
7.3774,7.8360,,,1
9.6395,9.6053,,,1
8.9871,9.0906,,,1
9.9579,9.9983,,,1
7.5949,7.5597,,,1
2.7127,2.7484,12.2322,12.2429,2
9.8325,9.6445,,,1
9.8247,10.0426,,,1
7.1977,6.2040,,,1
8.8790,9.0657,,,1
10.0791,10.6242,,,1
6.3234,7.7886,7.3017,6.6504,2
8.5422,8.7417,,,1
7.2710,7.5368,,,1
6.9208,5.3041,,,1
3.4630,3.1198,9.3771,8.7973,2
7.8131,7.3946,,,1
7.7748,8.3984,,,1
8.7853,8.4860,,,1
8.5604,8.7357,,,1
9.2237,9.2925,,,1
9.3037,9.8956,,,1
7.5699,8.7503,,,1
7.8969,8.2272,,,1
8.7046,9.3549,,,1
6.6211,6.1203,,,1
7.4017,6.2182,,,1
7.9679,8.7894,,,1
9.3788,9.6005,,,1
8.1262,8.3325,,,1
7.5626,9.1404,5.6528,6.3344,2
6.2664,6.2881,,,1
7.3588,7.7028,,,1
7.8207,6.2744,,,1
5.4275,3.6523,,,1
10.9435,10.6259,7.9223,7.9712,2
9.0284,9.2176,,,1
7.5634,8.3553,,,1
6.9889,6.2687,,,1
7.1987,7.4731,,,1
10.3304,9.7749,,,1
9.8682,9.7781,,,1
7.7780,7.2337,,,1
9.2334,9.9771,,,1
10.0786,10.8027,6.5355,6.7658,2
8.4917,8.1804,,,1
9.5490,9.6239,,,1
10.7633,11.1703,,,1
9.6042,9.5787,,,1
10.6343,10.0341,,,1
8.8860,8.9890,,,1
8.6263,8.5968,,,1
7.2299,6.2764,,,1
8.9195,8.6930,,,1
6.4661,5.5311,,,1
8.7094,10.1274,,,1
9.8418,9.9015,,,1
9.0436,9.6826,,,1
9.1681,9.5882,,,1
6.4275,4.1202,,,1
8.9449,8.9363,,,1
6.0100,5.8139,,,1
5.3837,6.6715,,,1
9.2649,8.5514,5.8190,4.8997,2
8.8856,8.0109,,,1
8.3182,8.7144,,,1
9.3566,8.7752,,,1
8.6533,8.7290,,,1
6.9944,6.9271,,,1
7.7729,7.9167,,,1
9.6789,9.6826,,,1
10.0502,9.7209,,,1
10.1494,10.2855,,,1
2.6908,1.8008,6.1456,6.1242,2
5.4001,5.9606,7.0461,6.8793,2
8.5061,7.8562,,,1
7.5233,5.5928,,,1
7.9025,7.7669,,,1
6.8779,6.3498,,,1
6.1988,5.4852,,,1
9.9935,10.2715,,,1
8.9612,9.3154,,,1
7.6925,8.7587,,,1
8.7668,8.6264,,,1
10.7784,10.1489,,,1
10.6361,10.8397,,,1
7.0119,5.4473,,,1
8.7793,7.8769,,,1
7.7850,7.7575,,,1
9.5978,6.7686,,,1
6.7563,6.6674,,,1
8.2387,8.2036,,,1
9.5459,9.3527,,,1
7.9233,7.5370,,,1
10.0416,10.0752,,,1
8.9683,8.1811,,,1
9.0129,9.2373,,,1
3.2349,2.7089,,,1
7.9155,8.5171,,,1
9.8922,9.9278,,,1
9.5075,8.7357,,,1
4.3841,4.9434,5.9216,6.6465,2
9.6889,9.4513,,,1
8.8537,8.8075,,,1
8.1540,9.0592,,,1
9.5682,9.6828,,,1
6.5535,6.1322,,,1
6.0716,4.6936,,,1
8.2346,8.4224,,,1
9.9493,9.9639,,,1
12.2209,12.0600,,,1
5.7416,5.8540,,,1
9.1994,8.0393,,,1
8.4162,8.1210,,,1
3.5732,3.6367,11.4220,11.7494,2
6.4891,4.0479,,,1
5.8371,5.9003,,,1
9.9519,10.7394,6.3742,7.1941,2
8.2649,7.3351,,,1
10.0194,10.4263,,,1
4.6749,6.6968,,,1
8.9403,8.0895,,,1
9.1092,8.7094,,,1
7.4447,8.2860,,,1
6.9965,4.6896,,,1
7.3692,8.9467,,,1
6.1442,6.2742,,,1
10.9656,11.0143,5.4538,5.8999,2
7.7308,7.5799,,,1
9.3578,10.4465,5.8949,6.7432,2
9.1552,8.8874,,,1
9.4879,10.0316,,,1
11.2806,11.0634,,,1
5.8531,5.8349,,,1
9.1382,9.3582,,,1
6.2151,6.3941,,,1
10.0011,10.0065,6.3116,6.1785,2
8.5125,5.0271,,,1
13.7251,13.9640,,,1
7.6786,6.9673,,,1
10.6387,10.2988,,,1
8.4968,8.3651,,,1
7.8248,8.1518,,,1
8.9536,9.1328,,,1
7.7983,7.4285,,,1
8.2869,7.8174,,,1
9.0362,8.8877,,,1
4.5603,4.0324,7.5825,6.9398,2
12.6781,12.8638,,,1
7.1381,7.2614,,,1
8.6749,6.7156,,,1
11.9708,12.3586,6.1535,4.5586,2
8.3967,7.4578,,,1
8.9605,8.4267,,,1
11.3360,11.0610,,,1
7.5873,6.4514,,,1
8.9357,9.5926,3.7600,1.9608,2
6.4845,4.2738,,,1
6.3826,6.3017,,,1
10.3946,10.7112,7.1352,7.7738,2
6.3715,6.5560,,,1
8.5000,8.6056,,,1
7.6665,6.2495,,,1
7.3705,6.6010,,,1
8.9537,8.4967,,,1
4.0335,3.5640,,,1
9.0146,9.5225,4.9818,3.9086,2
8.9822,9.1133,,,1
8.0218,8.9612,,,1
9.9675,10.1744,,,1
8.6587,8.1349,,,1
8.0315,9.5713,,,1
6.0544,4.2159,,,1
9.8904,9.7501,,,1
9.7381,9.6489,,,1
9.2648,9.4449,,,1
10.1174,10.1447,,,1
9.3787,9.5287,,,1
10.6034,10.8743,,,1
6.8080,1.0984,,,1
9.0935,2.2185,5.3387,8.8445,2
9.1411,9.5470,,,1
9.4243,9.6441,,,1
8.3071,9.1446,,,1
7.3872,8.0402,,,1
7.6695,7.2757,,,1
7.3906,7.2243,,,1
7.7654,7.9591,,,1
8.0395,7.5192,,,1
7.9268,7.9504,,,1
6.6870,6.7272,,,1
7.9590,8.4385,,,1
7.7309,7.7528,,,1
9.5382,9.6320,,,1
10.1283,10.2952,,,1
8.2508,5.7629,,,1
8.8926,9.1027,,,1
8.9054,8.0529,,,1
8.6438,9.2872,,,1
8.8252,7.6994,,,1
10.2000,11.4354,7.6851,8.9033,2
9.5174,9.6612,,,1
8.1024,6.3418,,,1
6.7826,6.9427,,,1
10.0881,10.4070,3.5940,2.2063,2
6.8977,7.5100,,,1
9.0346,7.6465,,,1
10.0364,9.7206,,,1
9.1902,2.5408,,,1
9.7663,9.7828,,,1
9.7168,9.5856,,,1
7.0455,6.4489,,,1
7.3394,8.8473,,,1
8.2221,7.4404,,,1
9.0593,8.3128,,,1
9.3406,9.3219,,,1
8.9021,8.6825,,,1
10.7390,10.2654,6.0252,8.1274,2
9.9787,10.0122,6.7604,9.0032,2
9.2924,9.5522,,,1
6.2501,5.5296,,,1
7.8350,7.1740,,,1
8.8109,9.5170,,,1
8.2824,7.1778,,,1
9.7076,9.8791,,,1
9.4176,9.6954,,,1
10.0842,10.1697,,,1
8.0731,8.6121,,,1
5.6121,5.2061,,,1
8.1261,8.2422,,,1
9.2069,9.2410,,,1
8.7982,8.5879,,,1
8.5632,7.5528,,,1
8.4755,8.8358,,,1
10.5008,10.5321,,,1
6.4557,1.2709,,,1
6.6626,7.3614,,,1
4.7328,3.9734,,,1
7.5337,8.0305,,,1
12.1063,12.0774,,,1
7.8987,7.6569,,,1
8.9043,9.2702,,,1
10.0656,10.1634,,,1
6.4394,6.6935,,,1
9.3752,9.3456,,,1
11.1708,9.7655,,,1
9.6158,9.3811,,,1
7.7034,7.6291,,,1
10.1253,9.8986,,,1
7.2354,4.2402,,,1
3.4485,3.9070,,,1
10.3625,10.3955,,,1
9.0463,8.7984,,,1
9.3458,9.9547,,,1
12.7441,12.6074,,,1
9.1091,9.0743,,,1
9.7037,9.5407,,,1
9.9663,10.4467,,,1
9.4651,9.7670,,,1
8.5437,9.6123,,,1
10.5390,10.5999,,,1
7.8014,7.8830,3.8496,3.8943,2
9.7745,10.0925,,,1
10.1339,9.9914,,,1
10.7916,4.0559,3.6534,3.3403,2
7.6161,7.5599,,,1
11.5106,11.3954,,,1
8.9067,8.7385,,,1
8.8751,8.4722,4.9648,2.7153,2
3.8910,3.4589,10.3359,11.0915,2
8.0778,8.5128,,,1
11.3924,11.8604,,,1
8.6073,7.5875,,,1
10.0096,10.1288,,,1
8.3451,8.4170,,,1
11.0230,7.2664,,,1
10.3770,10.2109,,,1
7.7860,8.2818,,,1
8.3182,8.9962,,,1
7.3655,8.9674,,,1
10.0295,9.9376,,,1
7.2581,7.0797,,,1
6.7370,7.9938,6.4058,6.2433,2
10.5487,10.5169,,,1
5.6289,6.4219,,,1
7.9448,9.2089,,,1
6.1507,6.8295,,,1
7.2654,7.5468,,,1
7.0240,4.7455,,,1
6.4004,6.7311,,,1
7.8209,8.7354,,,1
10.3246,9.8642,,,1
8.5854,8.0006,,,1
8.3252,8.9970,,,1
8.1625,8.3397,,,1
8.1595,7.3044,,,1
9.6109,9.6196,,,1
5.4388,7.8218,,,1
6.2540,6.2241,,,1
11.3070,11.3089,,,1
9.8496,9.9744,5.2681,5.4689,2
8.8018,8.9823,,,1
8.7778,8.7893,,,1
9.2867,9.6572,5.4663,5.6140,2
7.3017,7.9205,,,1
9.3870,8.6293,,,1
6.8158,7.1749,,,1
7.9222,6.0964,,,1
8.7771,9.6934,,,1
10.9364,10.7575,,,1
9.4933,9.5508,,,1
8.4221,8.7272,,,1
8.8582,9.5068,,,1
10.0848,10.0142,,,1
9.3893,9.3190,,,1
7.8769,8.5411,,,1
6.4734,6.3729,7.0395,7.0919,2
8.2743,7.3840,,,1
8.2718,8.7043,,,1
5.8173,5.2453,6.5063,4.9148,2
6.9450,6.7477,,,1
8.6628,8.4188,,,1
6.1075,6.6789,,,1
10.3018,10.7529,,,1
12.8189,12.9285,,,1
9.2512,9.5547,,,1
10.5664,10.9782,,,1
8.0113,7.8844,,,1
9.4135,9.3752,,,1
7.7752,8.1679,,,1
10.4999,10.5150,,,1
3.4316,4.0613,8.7018,7.5425,2
2.9495,2.6594,8.4742,7.7571,2
9.7365,9.7357,6.2135,6.0702,2
8.2101,8.9139,,,1
2.5535,2.5892,8.5087,9.1740,2
8.5747,8.5387,,,1
8.7995,9.0581,,,1
9.6303,9.7723,,,1
7.3668,7.7903,,,1
6.5113,6.8939,,,1
7.6740,7.5994,,,1
9.0147,9.2290,,,1
7.5585,7.3639,,,1
8.5853,8.7598,,,1
10.6294,10.6363,,,1
8.8655,9.3622,,,1
8.5261,8.9835,,,1
7.1534,5.4993,,,1
8.9869,9.4096,,,1
9.8251,9.5808,,,1
7.9891,8.1831,,,1
8.5559,8.6892,,,1
9.0489,9.0665,,,1
7.6210,7.4406,,,1
7.2247,8.6169,,,1
7.3253,6.8802,,,1
7.5204,8.1866,,,1
6.3577,6.4705,,,1
8.3793,7.7031,,,1
5.7495,6.0856,,,1
9.4127,8.9243,,,1
7.4438,8.1783,,,1
9.4692,9.7864,,,1
10.3089,10.5571,,,1
10.5102,10.5014,,,1
9.7198,9.6109,,,1
7.4254,5.8408,,,1
6.3723,6.4153,,,1
3.3400,2.6431,8.0154,8.1735,2
10.1325,10.1453,,,1
8.2204,8.5114,,,1
5.9429,5.0953,,,1
7.7640,3.8672,,,1
2.5712,2.6300,11.9149,11.7800,2
9.3808,9.6765,,,1
10.2386,10.7450,,,1
8.1974,8.7675,,,1
8.4543,8.2766,,,1
9.0241,9.1081,,,1
6.2616,6.2303,,,1
6.2848,4.4838,,,1
10.5287,10.5865,,,1
8.2747,8.8056,,,1
7.2028,5.3501,,,1
9.3282,8.8787,,,1
7.5541,7.9100,,,1
7.6385,6.9262,,,1
10.0193,9.8325,,,1
8.8343,9.2605,,,1
9.4331,8.8968,,,1
7.5878,7.9384,,,1
7.5189,8.1911,,,1
9.3003,8.6502,,,1
9.8002,9.6532,,,1
8.3040,7.6517,,,1
8.7995,8.5845,,,1
8.6616,8.4566,,,1
9.3357,9.5825,,,1
10.5537,10.6930,,,1
10.3200,10.2047,,,1
8.6350,8.8239,,,1
6.6790,6.4698,,,1
7.4280,4.8500,,,1
10.0686,10.0657,,,1
8.9280,8.4433,,,1
7.2556,7.5160,,,1
9.2543,9.3371,,,1
5.6345,6.0101,,,1
10.5991,10.5626,,,1
6.5701,6.8099,,,1
7.5655,8.1615,,,1
7.9121,7.7931,,,1
10.1565,11.0019,6.3716,5.8451,2
10.5220,9.7601,,,1
9.5973,9.1007,,,1
11.2651,11.8349,6.5728,7.8429,2
6.8678,5.7768,,,1
8.6439,8.7689,,,1
9.5148,10.0789,5.6226,6.3553,2
6.7699,7.1115,7.8060,10.0991,2
10.6158,10.8794,,,1
7.1028,7.8587,,,1
3.2326,3.2944,6.5126,6.0719,2
6.0140,6.2739,,,1
10.6429,8.6291,,,1
11.3832,11.1309,,,1
2.8062,3.0435,8.4763,8.4073,2
7.0680,6.4814,,,1
8.6436,9.5210,,,1
4.7536,3.8846,,,1
9.6797,9.4633,,,1
7.2048,7.2288,,,1
9.6412,9.1711,,,1
10.0888,10.2678,,,1
5.0800,5.6950,,,1
3.5403,5.6846,7.2761,4.8501,2
8.7264,8.4590,,,1
7.0635,7.2066,,,1
11.1353,10.7042,,,1
9.7126,9.8053,,,1
10.9774,11.4647,2.5550,4.1677,2
6.7491,6.6453,,,1
8.1237,9.0602,,,1
6.7459,7.4340,,,1
8.3919,8.6313,,,1
6.4200,6.9017,,,1
7.7656,8.0984,,,1
9.9649,9.9382,,,1
7.6024,6.7602,,,1
7.7076,7.6363,,,1
7.0619,6.8702,,,1
10.1805,10.8946,,,1
11.1741,11.3070,,,1
6.7576,6.0853,,,1
7.5051,7.2955,,,1
6.6584,7.6322,7.3696,7.1143,2
10.1348,10.0365,,,1
8.8097,8.9543,,,1
7.4830,8.1710,,,1
7.7525,7.9043,,,1
10.2877,7.6053,,,1
9.5873,9.5342,,,1
8.3181,8.9271,,,1
9.2118,9.5323,,,1
8.1206,7.8340,,,1
8.6701,8.9185,,,1
9.8696,2.6862,6.1123,11.4139,2
7.8177,8.9769,,,1
7.7895,8.5835,,,1
8.7460,8.7679,,,1
8.9302,9.1068,,,1
6.4413,7.6118,,,1
8.4751,8.2966,,,1
5.7790,6.1532,,,1
9.4351,9.8730,,,1
8.5326,8.6962,,,1
6.6694,7.2338,,,1
10.7913,11.5574,,,1
6.8449,4.7034,8.8732,10.4658,2
7.6903,8.3183,,,1
10.3200,10.4614,,,1
6.8775,6.9773,,,1
6.5772,5.6416,,,1
10.5809,10.4975,,,1
6.8638,6.5957,,,1
8.6202,6.3825,,,1
10.5835,10.8764,,,1
10.7521,11.8707,5.1107,6.3319,2
7.4873,7.4664,,,1
8.5920,5.0790,,,1
6.2099,5.4037,,,1
8.2893,6.6650,,,1
6.5376,6.0473,,,1
8.4527,9.3447,,,1
8.4778,9.0854,,,1
8.8177,8.4406,,,1
8.4094,7.7264,,,1
8.7171,8.9948,,,1
9.5633,9.5086,,,1
9.4820,8.7463,,,1
7.8779,8.0151,,,1
6.3929,6.3631,,,1
8.8371,9.2029,,,1
8.0092,7.9314,,,1
9.1957,9.2249,,,1
6.6461,6.6078,,,1
7.0143,5.3391,8.2193,9.5163,2
5.8926,6.4621,,,1
10.8764,10.9136,,,1
8.7224,8.5799,,,1
5.2677,4.1882,,,1
8.3607,8.0974,,,1
7.1577,7.8747,,,1
7.5690,7.8256,,,1
8.5226,7.7457,,,1
3.0477,1.6837,7.4634,4.3735,2
6.9299,7.0682,,,1
8.4659,8.9382,,,1
8.5580,9.5381,,,1
6.1695,6.2302,,,1
8.8226,8.9533,,,1
9.6151,10.2974,5.3395,6.3707,2
7.7403,8.3346,,,1
7.6979,8.0587,,,1
6.4599,7.5591,,,1
6.3697,5.8792,,,1
10.2006,10.5342,,,1
6.8119,6.9620,,,1
6.9443,6.1613,,,1
7.9865,8.7357,,,1
8.7161,9.0327,,,1
6.2598,6.3766,,,1
8.3444,8.7780,,,1
8.7430,9.2181,,,1
9.8026,9.3933,,,1
10.1505,10.3041,,,1
8.7173,8.4981,,,1
7.6754,7.6786,,,1
7.7669,8.2526,,,1
9.6260,9.8877,,,1
7.7519,7.0786,,,1
5.3033,6.1610,,,1
8.7024,8.1752,,,1
9.0080,8.8061,,,1
7.2635,7.7245,,,1
7.9188,5.9513,,,1
8.5073,8.1034,,,1
9.9325,10.5173,3.7573,5.3290,2
7.7614,7.9921,,,1
8.6047,8.1811,,,1
6.8962,7.5205,,,1
8.7916,9.3878,,,1
9.0267,9.6479,6.8046,6.9432,2
7.5793,6.5083,,,1
8.6090,7.5664,,,1
6.0859,6.1529,,,1
11.2025,10.9976,,,1
9.5943,9.6417,,,1
7.5947,8.4136,,,1
8.7212,8.8066,,,1
7.2154,6.8264,,,1
11.8461,11.4536,5.7609,4.6916,2
7.1507,7.2379,,,1
8.1553,9.0806,,,1
8.5497,8.5459,,,1
6.9420,7.5605,,,1
7.8088,7.4267,,,1
4.3050,7.0181,7.1933,6.5129,2
7.6953,8.3527,,,1
8.1479,7.8027,,,1
10.7465,10.4945,,,1
11.8913,10.8385,7.4307,5.7471,2
6.9862,7.2283,,,1
7.2757,7.4479,,,1
7.7838,6.2906,,,1
12.8149,12.4493,4.6428,4.3230,2
9.9608,10.0259,6.0385,6.4220,2
8.1972,7.3402,,,1
7.0989,7.2985,,,1
6.3016,6.3693,,,1
11.9317,12.6995,,,1
8.3428,8.1679,,,1
7.1505,6.3188,,,1
2.9314,2.8219,7.2943,6.9506,2
7.8867,6.2380,,,1
8.6642,8.1136,4.7299,4.1064,2
8.0798,8.0956,,,1
8.4890,9.2896,,,1
7.6983,6.8037,,,1
7.3840,6.6904,,,1
8.8052,7.8998,,,1
8.6844,8.9220,,,1
7.6844,7.6322,,,1
7.7028,7.8349,,,1
7.0612,7.3648,,,1
7.5278,7.7908,,,1
8.7400,9.1137,,,1
8.6812,9.5024,,,1
8.6545,8.9352,,,1
5.3104,3.5983,6.7274,6.6116,2
8.7681,8.4824,,,1
11.6704,12.0253,5.9781,6.5964,2
10.2618,12.4488,4.9458,4.5133,2
7.0961,6.9971,,,1
8.8064,7.2751,,,1
7.5604,6.5815,,,1
3.1689,3.6035,10.4780,10.3905,2
6.3771,6.5994,,,1
9.7888,9.6828,,,1
6.6018,6.6196,,,1
10.9472,11.4410,,,1
7.4131,8.6096,,,1
5.7911,5.9974,,,1
9.4739,10.1473,,,1
9.3675,9.0389,,,1
2.6717,4.9192,8.5407,5.6397,2
6.5564,6.9332,,,1
8.8046,9.0886,,,1
5.3354,5.0100,,,1
9.8947,9.8577,,,1
8.4378,7.7602,,,1
8.9496,8.9521,,,1
7.7385,7.5591,,,1
9.6130,9.2248,4.9079,5.9443,2
10.0013,9.9593,,,1
10.7156,10.2940,,,1
10.3308,10.9200,,,1
9.3095,9.5679,,,1
7.1327,7.1534,,,1
10.0114,9.4447,4.8707,3.7664,2
7.9188,9.4678,,,1
10.9841,11.2550,,,1
9.2681,9.4632,,,1
6.7856,7.6272,,,1
7.0164,6.5218,,,1
7.3830,7.8905,,,1
10.9183,10.0894,,,1
13.9586,14.1012,4.5394,4.8247,2
5.2601,5.5400,,,1
8.2175,7.3292,,,1
8.1696,8.3344,,,1
7.2551,6.6716,,,1
7.6332,7.5721,,,1
8.0166,7.2982,,,1
8.4266,8.3369,,,1
7.7858,6.8190,,,1
9.7409,9.8379,,,1
8.1469,8.5618,,,1
7.7853,8.7528,,,1
7.4336,7.0429,,,1
7.0793,8.6088,,,1
7.3068,6.4917,,,1
9.3083,9.1500,,,1
5.1549,5.5366,,,1
6.7671,6.8545,,,1
7.9544,8.2501,,,1
8.9942,9.2625,,,1
9.8655,10.2780,,,1
10.8364,11.5741,4.1396,3.4804,2
7.9738,7.6950,,,1
6.0463,6.6870,,,1
8.1181,8.0585,,,1
10.8763,10.7620,,,1
8.7239,8.7263,,,1
8.2817,7.8166,,,1
10.3663,10.3783,,,1
9.3618,8.6696,,,1
8.2894,8.5039,,,1
10.6882,11.7823,,,1
9.9432,10.1783,,,1
7.9393,9.2419,,,1
6.8982,6.7076,,,1
8.8322,8.7835,,,1
10.3905,10.7429,,,1
9.5111,9.3064,,,1
7.3844,7.8702,,,1
7.7697,7.1580,,,1
6.6856,7.3818,,,1
10.8793,11.0705,7.0057,7.7171,2
8.5794,8.8457,,,1
12.3679,12.7853,,,1
9.2717,9.2683,,,1
7.7980,8.5003,,,1
8.4274,8.3434,,,1
9.7847,9.6747,,,1
7.0367,7.1300,,,1
2.7926,2.4636,10.7913,9.3844,2
9.3417,9.6674,,,1
7.6346,7.6996,,,1
9.3225,9.3118,,,1
8.6826,8.6231,,,1
8.7107,8.3666,,,1
7.9138,7.5851,,,1
7.8560,7.3900,,,1
7.7211,8.2444,,,1
6.2370,5.9509,,,1
11.8154,11.1779,,,1
8.2731,7.5661,,,1
9.4197,9.2439,,,1
10.2484,8.5064,5.5291,3.9135,2
7.6242,7.0093,,,1
7.2088,6.4370,,,1
8.8596,9.4223,,,1
7.3913,7.1103,,,1
9.9471,10.0886,,,1
6.7786,6.2186,,,1
8.2744,8.6617,,,1
10.1341,9.9472,,,1
8.5215,7.6449,,,1
7.7573,6.8898,,,1
11.1488,11.4995,,,1
7.2954,6.7737,,,1
6.7803,8.3594,,,1
10.9882,11.3168,,,1
13.1956,13.8751,4.1989,4.1706,2
7.6942,7.3103,,,1
8.3946,7.3091,,,1
8.6519,8.2580,,,1
8.1160,8.4004,,,1
9.0230,8.9355,,,1
4.0211,4.2343,,,1
8.7013,8.6675,,,1
7.8998,7.5972,,,1
8.9929,8.5858,,,1
10.6806,10.5607,,,1
8.3836,7.7149,,,1
9.9985,10.1535,,,1
8.2943,8.4393,,,1
7.4250,7.3073,,,1
10.8885,10.4232,,,1
11.0548,10.8261,,,1
8.3974,8.8140,,,1
11.5456,12.0917,,,1
6.9820,7.2690,,,1
4.3748,5.2902,,,1
8.4424,8.1314,,,1
8.5013,8.5382,,,1
9.3604,8.9422,,,1
9.5757,9.5327,,,1
9.2128,9.7419,,,1
8.2661,7.4656,,,1
9.2756,9.4429,,,1
10.0059,10.2161,,,1
8.7942,9.0592,,,1
9.7606,9.2489,,,1
9.0186,8.7448,,,1
9.6108,9.7390,,,1
9.9109,9.7232,,,1
10.2493,10.1147,6.3255,6.4880,2
7.9195,8.3783,,,1
8.0612,8.1580,,,1
10.4826,10.4122,,,1
9.6041,9.5272,,,1
9.8137,9.6377,,,1
12.4244,12.6862,,,1
8.6222,8.3403,,,1
7.9825,9.6914,6.7089,7.4065,2
7.7454,8.1522,,,1
7.1860,7.1148,,,1
9.5246,9.8824,,,1
8.1909,9.1970,,,1
8.4731,8.8812,,,1
7.7700,6.9380,,,1
7.3898,6.6353,,,1
7.6758,4.4789,6.1342,4.7611,2
8.8220,7.9454,,,1
6.9510,7.2150,,,1
9.1952,9.5514,,,1
10.0327,9.9359,,,1
8.6372,9.1204,,,1
8.4330,7.8464,,,1
8.6677,8.6346,,,1
10.9281,11.4476,,,1
9.5242,9.8055,,,1
7.8012,7.6311,,,1
6.5140,3.6752,7.4210,7.9988,2
8.2657,8.0414,,,1
8.0006,7.7346,,,1
9.3478,9.5874,,,1
7.7746,6.5892,,,1
8.6084,8.4477,,,1
8.1394,9.3097,,,1
8.5063,7.7640,,,1
2.8077,2.2982,8.3087,9.1103,2
9.1589,9.3739,,,1
7.4642,8.0552,,,1
7.8937,4.1743,9.2423,10.3489,2
6.1196,6.3278,,,1
8.7140,9.3233,,,1
9.3390,9.4663,,,1
7.0144,8.3854,,,1
6.0685,8.9697,,,1
7.3919,7.3228,,,1
8.7366,8.4856,,,1
5.1642,5.4044,,,1
8.4809,8.2492,,,1
8.4056,8.8856,,,1
7.6176,8.0329,,,1
10.9997,11.6262,5.2637,5.2648,2
10.2345,9.7584,,,1
7.5065,8.0446,,,1
10.6070,10.6428,,,1
11.8315,11.9050,,,1
6.5579,6.7043,,,1
7.0469,7.1781,,,1
6.4665,7.0918,,,1
9.0503,8.8365,,,1
7.7638,6.9939,,,1
10.1715,10.0988,,,1
9.1430,9.4382,,,1
2.1627,2.2223,8.7257,8.9251,2
6.4628,2.6315,8.1998,9.6236,2
7.8117,7.2496,,,1
9.3030,9.3000,,,1
9.9647,9.7892,,,1
6.4465,8.6190,,,1
11.5200,11.4867,,,1
8.1231,8.0076,,,1
9.8968,9.9217,,,1
8.1165,8.5902,,,1
7.8498,8.7842,,,1
8.6151,8.3724,,,1
9.9051,9.6078,,,1
5.7161,6.1105,,,1
8.4805,7.0008,,,1
9.9216,9.9794,,,1
8.5692,2.4107,5.5214,8.7615,2
7.7359,7.7663,,,1
8.0579,7.7209,,,1
2.7741,3.3337,9.1025,9.7775,2
6.5164,6.4576,,,1
8.6116,7.4728,,,1
8.3517,8.6474,,,1
8.1272,9.3167,,,1
5.8917,5.6976,,,1
9.7222,9.6300,,,1
7.7899,8.3811,,,1
11.1301,11.1699,,,1
7.0726,7.0851,,,1
9.0083,9.5683,,,1
9.2125,9.1745,,,1
9.8026,10.1250,6.0353,6.4793,2
6.4865,6.3885,,,1
4.6308,2.2159,8.6839,6.5077,2
6.0166,6.4433,,,1
9.2556,9.3871,,,1
8.9821,8.6308,,,1
8.9852,8.0017,,,1
8.3515,8.8970,,,1
6.7529,5.5124,,,1
8.0433,7.9543,,,1
8.3487,8.3922,,,1
9.3103,8.0166,,,1
9.8291,9.9946,,,1
6.7562,6.5348,,,1
7.3794,7.0042,,,1
9.3046,10.0482,,,1
7.1641,4.2927,,,1
3.4530,5.0056,6.5181,2.0161,2
10.1728,4.1743,6.2323,11.5728,2
8.5764,8.5419,,,1
10.9303,10.7717,,,1
9.7593,9.5526,,,1
10.8525,10.4054,,,1
7.5199,7.7112,,,1
9.5943,9.6730,,,1
7.6864,7.3024,,,1
10.6585,10.7363,,,1
5.9174,5.9418,,,1
8.9076,8.9886,,,1
9.5821,9.2328,,,1
8.1836,8.1000,,,1
6.8921,5.3024,,,1
7.8690,7.9118,,,1
9.3063,8.6882,,,1
7.4885,7.7450,,,1
9.1870,9.4207,,,1
8.7535,8.4686,,,1
7.4661,8.8493,,,1
6.8504,6.9065,,,1
8.4110,6.7432,,,1
9.6219,10.2608,5.3208,6.3217,2
8.3368,7.7519,,,1
8.9685,9.4823,,,1
7.3289,7.9255,,,1
2.4332,2.1355,6.1127,6.1536,2
6.5712,8.5391,,,1
7.9074,7.6279,,,1
7.9267,7.1835,,,1
5.7562,4.6049,,,1
7.2707,7.3305,,,1
9.8784,9.5113,,,1
8.5884,7.2611,,,1
6.8635,5.8282,,,1
5.4824,5.5996,,,1
8.4943,8.0315,,,1
9.1776,9.1826,,,1
6.7459,6.5398,,,1
7.7113,8.1157,,,1
7.9956,7.8653,,,1
8.4494,9.0356,,,1
3.5883,2.1474,7.8543,8.4055,2
7.6672,9.4898,,,1
10.5678,10.0789,,,1
8.5681,8.3338,,,1
11.3993,12.0085,,,1
8.6175,8.4648,,,1
9.1035,9.7845,,,1
8.5621,8.6288,,,1
3.7957,1.2087,,,1
7.9110,8.8759,,,1
6.5568,7.7540,,,1
8.0060,6.0461,,,1
8.5202,8.6878,,,1
11.0140,11.9236,5.5241,6.3287,2
7.7619,8.6626,,,1
9.4357,9.2251,,,1
10.7745,10.4784,,,1
9.3666,9.5734,,,1
5.8226,3.6540,8.6498,7.9831,2
9.5201,8.2336,4.4272,3.2054,2
8.5031,8.9254,,,1
9.4363,9.2649,,,1
10.3161,10.3727,,,1
10.8051,10.5377,,,1
10.2128,10.5089,,,1
7.7086,8.1124,,,1
8.2797,8.0956,,,1
4.3139,5.6566,,,1
7.5861,6.6329,,,1
15.5436,15.5025,5.2622,6.6073,2
8.7646,8.0353,,,1
6.4904,6.5795,,,1
9.1690,9.5244,,,1
9.3179,8.8177,,,1
12.6007,12.8160,,,1
8.8623,8.1480,,,1
7.2678,8.2903,,,1
9.9920,9.9180,,,1
7.6660,7.4306,,,1
9.8279,10.0043,,,1
9.6140,9.7148,,,1
9.5396,7.8958,,,1
9.5797,9.3865,,,1
8.4878,8.7441,,,1
11.5834,12.1641,,,1
7.5219,8.0244,,,1
6.4921,6.3677,,,1
8.3207,8.6506,,,1
9.5231,9.6277,,,1
7.2624,7.6365,,,1
7.5190,7.0756,,,1
7.6278,7.3632,,,1
8.2199,8.7023,,,1
9.7229,10.3478,,,1
5.0488,2.7361,8.2371,10.3405,2
7.3580,7.5808,,,1
9.4950,9.6585,3.4735,4.2840,2
11.2226,11.4046,,,1
7.2033,7.5959,,,1
7.2979,7.4563,,,1
7.7900,8.1015,,,1
7.7387,7.5652,,,1
7.8450,8.0465,,,1
6.4448,6.3385,,,1
8.8810,9.6368,,,1
6.5805,7.1378,,,1
10.2804,10.8860,,,1
9.1103,9.2265,,,1
7.0770,8.3628,,,1
12.1235,12.7848,3.7087,4.7905,2
7.2811,7.5352,,,1
6.3092,3.7920,7.2455,7.2338,2
5.4821,5.7202,,,1
8.6886,8.9439,,,1
9.9842,9.8754,,,1
7.0785,3.6506,5.7834,8.5200,2
4.1880,4.2572,,,1
6.9483,6.4843,,,1
8.5206,7.3240,,,1
9.4493,9.3320,,,1
10.9011,11.1597,,,1
9.0089,11.0747,6.8231,4.9197,2
9.9360,3.6611,,,1
8.5383,8.6942,,,1
7.5612,7.4595,,,1
10.0369,10.2045,,,1
12.4470,12.3892,,,1
7.0067,8.2694,,,1
4.1331,6.4446,,,1
8.3230,7.3451,,,1
11.1786,11.7349,5.2836,4.3790,2
6.0665,6.1727,,,1
8.4665,8.1502,,,1
6.8869,7.5182,,,1
9.0697,8.5806,,,1
8.7113,8.5649,,,1
10.0297,10.2129,,,1
9.6704,11.9457,6.1544,6.6883,2
9.9628,9.7411,,,1
9.7223,9.6147,,,1
8.5322,8.3107,,,1
7.6129,8.0850,4.1832,5.1372,2
8.7883,8.9602,,,1
7.7296,7.9475,,,1
7.6364,7.2114,,,1
7.4302,7.1811,,,1
6.6324,8.5318,,,1
7.0235,6.6549,,,1
7.9174,8.1099,,,1
7.1649,7.0851,,,1
8.6269,8.7041,,,1
7.0989,6.7895,,,1
8.2922,8.0600,,,1
5.8364,6.7997,,,1
7.4749,7.5142,,,1
2.8209,2.7427,8.3276,8.3344,2
7.6798,8.8973,,,1
5.8055,6.4474,7.8989,9.3597,2
8.6491,8.6356,,,1
12.5274,12.4486,,,1
7.4250,9.1502,,,1
9.1363,9.0553,,,1
8.9664,8.4731,,,1
7.8927,8.2356,,,1
8.7018,8.3694,4.1406,5.0075,2
9.3573,10.0136,,,1
9.4747,9.4093,,,1
10.6045,9.9187,,,1
7.8438,7.8909,,,1
8.5907,9.6467,,,1
8.3587,8.8254,,,1
9.4131,9.3919,,,1
8.7259,9.2072,,,1
8.8977,8.9037,,,1
8.6548,8.3545,,,1
10.3537,10.7256,6.6284,7.3767,2
8.1518,8.7128,,,1
9.4342,9.0859,,,1
9.6719,9.6971,,,1
9.1660,8.5668,,,1
11.3752,11.1512,,,1
9.0509,8.7481,,,1
7.6898,7.5009,,,1
7.5459,8.6578,,,1
7.2174,6.5769,,,1
8.2684,8.3347,,,1
9.0118,9.2928,,,1
8.4374,8.1599,,,1
7.2543,8.3508,,,1
11.3792,10.8508,,,1
10.5872,9.7020,,,1
9.7899,9.5405,,,1
8.3761,8.9178,,,1
8.7123,8.1264,,,1
7.4511,6.9269,,,1
8.4551,8.1980,,,1
9.2024,9.6619,,,1
10.9285,10.8513,,,1
9.2810,9.4378,,,1
8.9335,9.2724,,,1
7.9226,6.3518,,,1
10.0448,10.4460,,,1
9.0727,8.1561,,,1
7.7760,8.4821,,,1
7.5132,7.6769,,,1
8.0831,7.3711,,,1
11.4351,11.3117,,,1
7.6724,8.2407,,,1
7.4165,6.6734,,,1
8.4666,7.6171,,,1
6.9622,9.2129,,,1
9.2888,9.7024,,,1
10.5959,10.7207,,,1
6.9024,6.6686,,,1
9.2387,9.4075,,,1
8.5430,9.2958,,,1
7.7342,7.8842,,,1
8.0000,7.8720,,,1
6.6061,6.7759,,,1
9.9677,9.8460,,,1
7.5774,4.9775,,,1
7.4098,8.6890,,,1
10.6236,11.1083,,,1
6.9757,9.1506,,,1
9.0053,8.9115,,,1
12.6072,12.7738,,,1
8.7634,9.5519,,,1
9.4353,9.9127,,,1
7.2982,7.8004,,,1
8.6085,8.5363,,,1
8.9316,9.2144,,,1
8.4615,9.0177,,,1
7.5597,7.5416,,,1
6.8646,6.2691,,,1
9.0329,9.2653,,,1
9.6315,9.8571,,,1
8.7263,8.5377,,,1
8.8899,8.9984,,,1
9.3575,9.2631,,,1
7.7327,8.5416,,,1
7.2158,7.3408,,,1
7.6577,8.1235,,,1
8.2800,5.0130,,,1
2.7147,2.4485,9.3284,9.3188,2
7.5941,7.3097,,,1
12.5421,12.6962,,,1
6.2742,7.2388,,,1
7.8270,7.7766,,,1
6.7498,8.0008,,,1
3.4206,2.9028,7.2251,6.0819,2
11.3758,11.3405,,,1
8.3685,8.4697,,,1
11.8034,12.2170,,,1
7.3687,8.0058,,,1
9.0620,9.6974,,,1
3.7675,1.0050,,,1
10.0954,10.2541,,,1
8.1543,8.7424,,,1
9.3571,9.7569,,,1
7.7355,7.7462,,,1
9.4372,9.8388,,,1
10.0625,9.5744,,,1
9.0789,8.8039,,,1
6.2493,7.1403,,,1
7.3575,7.0380,,,1
9.4196,6.5089,,,1
8.9809,9.3103,,,1
11.3647,11.0593,6.8983,5.4608,2
9.3308,9.4825,,,1
8.2463,9.1779,,,1
7.7015,7.1678,,,1
9.4676,9.1672,,,1
7.4409,8.6558,,,1
9.4763,9.4871,,,1
7.7997,8.8414,,,1
10.0403,9.8980,,,1
9.1020,9.8294,,,1
7.2174,7.0348,,,1
5.9539,7.3749,,,1
7.1895,6.8459,,,1
7.9981,8.4768,,,1
10.5748,10.3819,,,1
8.2932,8.3575,,,1
9.2801,9.5554,,,1
7.7995,8.9501,,,1
7.9444,7.0166,,,1
9.9441,10.3669,4.7520,5.0895,2
6.3901,6.7429,,,1
10.1851,10.6263,3.6831,2.7535,2
7.0123,7.2521,,,1
8.4179,9.4370,,,1
7.5489,7.3058,,,1
7.7872,8.6970,,,1
11.0951,11.3266,,,1
6.2445,5.7434,,,1
6.1462,6.2418,,,1
9.1540,8.9743,,,1
8.8872,8.7546,,,1
9.1525,9.0196,,,1
10.8444,11.6133,,,1
7.7119,8.0870,,,1
8.4772,8.8398,,,1
7.9175,7.6190,,,1
8.1311,7.3758,,,1
6.6932,6.7208,,,1
8.2461,8.3930,,,1
12.1079,12.8752,,,1
7.1506,7.9868,,,1
7.0686,8.3022,,,1
9.9213,10.5281,,,1
10.0554,10.2223,,,1
8.5936,8.6577,,,1
9.0717,9.3203,,,1
8.2848,9.3697,,,1
7.0479,6.6942,,,1
6.6049,5.8021,,,1
8.2969,7.8217,,,1
8.2340,8.0257,,,1
7.0363,5.4063,,,1
7.9017,8.2031,,,1
6.1846,7.2734,,,1
8.3535,8.1355,,,1
7.4654,6.8759,5.3930,5.9731,2
8.8733,9.0712,,,1
2.5361,1.7051,9.6746,8.9449,2
8.2761,8.6732,,,1
10.5418,10.1876,,,1
6.3525,5.8373,,,1
9.9894,10.2493,,,1
7.1575,7.4737,,,1
9.5068,9.5819,,,1
8.0268,7.7345,,,1
9.6345,10.0697,,,1
8.1333,8.0050,,,1
9.9019,9.7411,,,1
10.4610,10.3106,,,1
7.4368,7.2939,,,1
8.7494,9.4964,5.3635,5.5955,2
9.5463,9.6210,,,1
8.8238,8.3722,,,1
11.6644,11.5988,,,1
7.6193,7.2820,,,1
6.7693,5.5271,,,1
8.8678,7.2861,,,1
7.6738,7.5798,,,1
7.4063,5.6658,,,1
9.4165,9.8861,,,1
8.4397,8.9003,,,1
11.3751,11.2423,,,1
8.4734,5.3052,,,1
7.8606,7.1762,,,1
12.6677,12.6912,,,1
7.1094,8.4306,,,1
7.7183,6.8697,,,1
8.3955,7.9968,,,1
7.4477,8.3998,,,1
7.4806,6.7612,,,1
7.4456,7.2510,,,1
9.7090,9.7800,,,1
9.6133,8.8870,,,1
9.7373,10.0012,,,1
7.4144,8.3634,,,1
9.3238,9.5238,,,1
6.1761,7.4289,,,1
7.3117,6.7362,,,1
7.7605,7.5789,,,1
9.3399,9.1453,,,1
6.4157,5.7071,,,1
2.8171,2.7374,9.3245,8.8550,2
8.7604,8.4469,,,1
9.3288,8.5419,,,1
9.5627,9.2622,,,1
9.2739,8.9129,,,1
10.4605,9.9092,,,1
7.1140,7.0371,,,1
7.8168,8.3805,,,1
9.0142,9.4905,,,1
4.4245,4.0251,,,1
7.1086,7.2783,,,1
10.3398,10.6252,,,1
8.0255,8.7266,,,1
7.6324,7.2642,,,1
8.2738,7.7379,,,1
10.8137,10.1392,,,1
7.7243,6.4831,,,1
9.8000,9.8648,,,1
6.9894,5.9972,,,1
8.2036,8.3043,,,1
8.2411,8.1942,,,1
8.6004,8.8815,,,1
9.0737,8.3915,,,1
8.2297,8.9132,,,1
7.9961,8.5690,,,1
10.3860,10.2139,,,1
8.5935,8.5452,,,1
7.6127,8.4643,,,1
8.2262,8.0787,,,1
5.9480,6.7618,,,1
7.5045,7.1642,,,1
7.8434,8.6196,,,1
9.6842,10.1115,,,1
6.0893,5.5864,,,1
8.4733,8.4590,,,1
7.5922,6.4469,,,1
9.1193,9.2311,,,1
7.8702,8.1434,,,1
7.3302,8.1292,,,1
8.3300,8.8044,,,1
9.3277,5.9858,,,1
8.1074,8.4295,,,1
8.1631,8.5857,,,1
8.0737,7.7832,,,1
5.7064,7.2778,,,1
8.3405,7.3115,,,1
9.0623,9.1114,,,1
7.3506,7.7137,,,1
9.3949,9.7360,,,1
7.2491,7.2797,,,1
9.8593,8.4631,,,1
9.0140,8.7867,,,1
10.1774,10.1962,4.9944,5.0064,2
10.0066,11.7017,4.9872,5.1543,2
9.6071,9.5838,,,1
9.3217,8.9273,,,1
7.7840,6.6265,,,1
7.1286,7.0306,,,1
11.3233,11.6014,,,1
8.7377,7.7331,5.4919,4.2523,2
10.9372,11.2992,,,1
7.8479,7.1089,,,1
12.8225,12.9653,,,1
8.3150,7.9267,,,1
7.5288,8.3049,,,1
6.3866,6.0435,,,1
8.5937,8.1052,,,1
5.3387,6.0684,,,1
8.0955,8.2871,,,1
9.8303,9.8603,,,1
10.5889,10.3965,,,1
6.8361,5.1136,,,1
8.0001,7.8144,,,1
7.6998,7.5860,,,1
9.0278,9.6625,,,1
7.1229,7.3534,,,1
10.3495,10.3715,,,1
7.0959,5.6584,,,1
12.7058,12.6942,,,1
10.0383,10.2168,,,1
7.8309,8.0202,,,1
6.1940,5.8623,,,1
9.0073,8.7753,,,1
5.9315,5.9696,,,1
8.4445,8.2725,,,1
4.4772,3.6376,,,1
8.8795,9.0071,,,1
9.3495,9.0760,,,1
6.3374,6.3329,,,1
11.5423,11.5122,,,1
8.2357,8.0079,,,1
5.9473,8.2091,,,1
9.7600,9.3563,,,1
9.6773,9.8283,,,1
7.4735,6.1705,,,1
9.4198,9.7231,4.3986,4.2744,2
3.6604,2.6680,8.0585,7.8167,2
10.2915,9.8685,,,1
7.8278,8.3196,,,1
9.1548,8.7405,,,1
10.9867,11.6808,,,1
5.8642,4.7794,,,1
7.3131,6.7360,,,1
7.1312,7.5170,,,1
10.9384,10.0404,,,1
8.9345,8.8487,,,1
4.5395,5.2045,,,1
6.5773,8.0413,,,1
6.0466,5.6273,,,1
10.1047,9.6785,,,1
8.7517,6.6707,7.7144,10.8829,2
9.5730,9.9746,,,1
6.8973,8.1489,,,1
9.3801,9.4004,,,1
11.8417,12.7654,,,1
9.4786,9.5409,,,1
10.6647,10.7201,,,1
8.0703,7.5207,,,1
7.5047,8.2255,,,1
9.5524,10.2377,7.0927,7.0913,2
7.9539,8.2736,,,1
5.0387,2.9843,,,1
9.7077,9.6003,,,1
10.9461,11.5643,,,1
10.9198,10.4279,,,1
6.8902,8.1999,,,1
11.9212,11.5786,,,1
6.5489,7.0359,,,1
7.8680,8.0147,,,1
9.3744,9.5906,,,1
7.9550,8.5051,,,1
5.0478,4.7569,,,1
9.1398,8.5749,,,1
6.1644,5.5959,,,1
6.7848,8.9472,4.5719,5.5187,2
7.9065,7.5729,,,1
3.4444,5.6376,7.0448,5.6921,2
10.2647,10.2786,,,1
7.6162,8.4243,,,1
8.5595,8.5695,,,1
9.6444,9.0215,,,1
9.4229,9.5910,6.3061,7.4863,2
7.1832,6.0655,,,1
9.1268,8.8338,,,1
3.2334,2.9124,7.8661,7.1021,2
7.5425,8.7138,,,1
9.4180,9.5478,,,1
6.1275,5.6032,,,1
8.7185,8.8992,,,1
7.9011,8.7624,,,1
7.4115,6.4642,,,1
7.0281,8.0850,,,1
4.4570,4.4238,,,1
8.0644,8.8356,,,1
8.8631,9.0116,,,1
8.9247,8.5598,,,1
7.9867,5.5298,4.4628,5.1318,2
9.3974,9.8608,,,1
10.5060,11.1544,4.1257,5.5235,2
9.2860,9.4327,,,1
10.3200,10.3685,,,1
8.1123,8.1797,,,1
6.7977,6.8076,,,1
7.3787,7.9983,,,1
8.6039,7.9245,,,1
11.6649,10.5578,,,1
10.6144,10.3804,6.3307,2.8788,2
6.2331,4.1043,,,1
12.2558,12.3988,,,1
10.7823,11.1124,,,1
8.4203,8.5890,,,1
9.3571,9.3789,,,1
6.7228,8.2828,,,1
7.6140,7.4664,,,1
9.5553,9.7188,,,1
10.6263,10.7123,,,1
11.7643,12.6859,6.9597,8.3759,2
8.4803,8.5285,,,1
4.6411,4.1302,,,1
8.1702,7.1948,,,1
10.9719,11.8752,,,1
9.2292,8.6279,,,1
5.9779,6.1390,,,1
8.4687,8.8402,,,1
6.8374,8.3277,,,1
8.1737,7.7017,,,1
10.0067,9.9565,,,1
8.5003,9.0030,,,1
10.5300,10.7609,,,1
10.5333,10.4295,,,1
9.5454,9.5896,,,1
9.6575,9.9745,,,1
6.1572,6.5488,,,1
6.5664,8.2521,,,1
10.6413,10.7929,,,1
7.8647,7.7990,,,1
7.7014,7.7494,,,1
9.8990,10.3789,4.8422,5.5959,2
8.9524,8.4929,,,1
11.5306,12.1746,,,1
9.6811,9.5230,,,1
8.9300,2.5621,6.4338,9.2711,2
4.7581,4.6232,,,1
9.6065,9.2989,7.0253,6.9929,2
9.0706,9.5200,,,1
6.4862,5.6834,,,1
6.3613,5.8681,,,1
7.4730,7.1725,,,1
8.7696,5.4388,,,1
9.6094,9.6513,,,1
8.6987,9.3711,,,1
10.1606,10.3164,,,1
9.4895,9.6566,,,1
8.3676,8.7162,,,1
10.5246,10.0312,,,1
7.3394,8.1597,,,1
10.1499,10.0699,,,1
7.8029,8.6233,,,1
7.7353,8.3253,,,1
8.1748,7.2407,,,1
9.2302,8.7123,,,1
8.0077,8.1632,,,1
7.6571,7.3268,,,1
10.1249,10.0733,,,1
10.7447,11.3610,,,1
4.1586,3.2758,7.2814,7.0374,2
5.6018,5.3785,,,1
8.8743,8.7997,,,1
2.4334,2.9524,5.8835,6.3524,2
9.5130,9.7095,,,1
9.0210,9.0711,,,1
9.7179,9.7886,,,1
7.9363,8.3201,,,1
5.7689,4.5257,,,1
8.2958,8.4443,,,1
9.1330,9.5466,,,1
8.0064,4.3381,,,1
10.3374,10.6681,,,1
9.6528,9.8437,,,1
5.6600,3.2992,,,1
7.2083,6.0457,,,1
7.1537,6.7808,,,1
7.8501,7.7479,,,1
6.8196,6.3412,,,1
9.4946,10.5187,4.8920,5.1786,2
6.1022,6.0590,,,1
5.8184,5.8339,,,1
7.9864,8.1988,,,1
10.7390,10.4836,,,1
5.0235,5.1198,,,1
11.5558,11.5212,,,1
10.1044,10.2024,,,1
8.2720,8.9975,,,1
9.2019,9.1487,,,1
8.3142,7.1516,,,1
6.9626,7.7510,,,1
8.1787,6.0847,,,1
4.9963,5.9469,,,1
8.1126,8.1002,,,1
8.7659,8.9468,,,1
9.8175,9.9326,,,1
8.3507,10.3621,7.6343,9.5909,2
9.6709,9.8913,,,1
7.2726,7.4253,,,1
6.3392,5.4974,,,1
10.6259,10.4853,,,1
10.4287,10.3859,,,1
6.3115,3.4222,,,1
7.7265,7.0302,,,1
10.2037,10.5411,,,1
7.7865,7.8196,,,1
7.4175,8.0530,,,1
9.2605,9.6159,,,1
8.1581,9.3069,,,1
9.0130,9.0475,,,1
8.1057,7.7396,,,1
7.0062,8.3172,,,1
7.4649,8.4686,,,1
7.5668,7.7664,,,1
11.0107,11.1846,,,1
8.8263,0.7446,,,1
8.2367,7.7111,,,1
8.1985,10.5510,5.7415,5.9841,2
7.3563,7.7978,,,1
8.3280,8.2854,,,1
8.0670,7.7410,,,1
10.2065,10.3565,,,1
9.1249,9.7651,,,1
9.0394,9.4138,,,1
8.6718,8.6360,,,1
8.8768,9.4412,,,1
6.6887,4.4578,,,1
9.6832,9.6541,,,1
8.1121,8.0068,,,1
7.5544,6.7698,,,1
9.0727,8.9574,,,1
7.6734,8.0713,,,1
6.3133,6.3240,,,1
9.2001,9.1259,,,1
8.9205,8.6759,,,1
7.9670,8.0817,,,1
10.1564,9.8653,4.4746,3.5817,2
8.2838,9.3146,,,1
7.9057,6.8286,,,1
7.6955,6.4287,,,1
8.1872,8.3876,,,1
8.6744,7.8960,,,1
8.2470,9.8540,7.3449,6.9189,2
9.6864,9.3271,,,1
10.5617,10.6175,6.7036,6.8220,2
9.7118,9.7853,,,1
7.7443,7.6672,,,1
7.3840,6.7739,,,1
7.2653,8.8976,,,1
9.3253,9.7822,,,1
8.1604,8.1643,,,1
8.8117,9.4025,,,1
12.3394,12.1131,,,1
7.7621,7.1869,,,1
7.5909,8.1390,,,1
8.5182,8.5887,6.9258,7.6417,2
7.2491,8.1526,,,1
11.2968,11.4256,,,1
7.7868,7.6817,,,1
10.3110,10.3679,,,1
8.2655,8.5676,,,1
9.9432,10.2021,,,1
8.5050,8.6444,,,1
6.2298,6.2829,,,1
10.2777,9.6235,,,1
11.2204,11.3994,,,1
11.9552,11.0153,6.4481,6.3874,2
7.3863,7.0503,,,1
3.5615,1.9898,8.4320,8.4907,2
9.1835,9.6059,,,1
9.1486,9.2443,,,1
7.6032,5.6731,,,1
9.7541,9.2345,,,1
10.2503,10.2845,,,1
9.7114,10.2176,,,1
8.8355,8.5038,,,1
9.1414,9.4073,,,1
9.3413,9.5461,,,1
8.1890,6.1471,,,1
4.8471,5.9406,,,1
8.8922,8.7205,,,1
9.7654,8.4585,,,1
5.1928,4.5421,5.9662,4.1013,2
9.5084,9.2562,,,1
9.5370,9.8533,,,1
9.3249,6.9510,,,1
8.4928,9.2756,,,1
8.4901,8.3070,,,1
9.3611,9.4494,,,1
8.5366,7.3785,,,1
9.4870,9.7372,,,1
8.8617,8.4322,,,1
7.6666,8.0595,,,1
7.9360,8.1544,,,1
10.2201,11.0905,,,1
7.9699,8.5522,,,1
7.9216,6.3582,,,1
7.6946,7.4634,,,1
8.0263,8.8405,,,1
7.3918,8.1461,,,1
7.0355,6.3784,,,1
8.3354,5.7884,,,1
8.8664,8.8002,,,1
10.6118,9.2670,5.9378,5.2171,2
10.9255,10.6249,,,1
9.3759,9.5417,,,1
6.9612,6.8856,,,1
8.6635,8.2088,,,1
8.9727,9.0828,,,1
8.2233,8.4021,,,1
7.5489,8.1176,,,1
9.3640,10.4938,,,1
7.0898,5.1088,,,1
6.8779,6.4956,,,1
8.7899,9.5706,,,1
7.7499,8.0720,,,1
9.4409,9.2992,5.9270,3.9371,2
8.6322,8.9437,,,1
7.2214,7.3164,,,1
11.7829,11.4450,6.9139,8.3371,2
9.4345,9.5663,,,1
7.6816,7.5327,,,1
8.4724,8.2875,,,1
10.2198,9.9870,,,1
11.3685,11.0732,5.3922,4.7620,2
8.4743,8.8475,,,1
7.5516,8.1065,,,1
8.9173,8.9600,,,1
3.2899,0.8542,,,1
6.9890,7.3482,,,1
9.7609,9.0413,,,1
11.7800,10.6553,7.0031,6.0491,2
8.0738,8.3849,,,1
11.6014,11.8712,,,1
9.0481,9.2773,,,1
5.9741,5.5270,,,1
6.8749,8.4473,,,1
8.4937,8.8848,,,1
8.2749,5.6743,,,1
12.2695,12.1738,,,1
9.4008,9.1502,,,1
6.9910,7.4164,,,1
9.5145,9.1061,,,1
9.6847,9.6449,,,1
9.9341,9.8909,,,1
9.4754,9.5133,,,1
7.1073,7.8294,,,1
8.1997,5.4082,,,1
6.3511,6.7161,,,1
8.7646,7.5884,,,1
8.7306,4.2493,,,1
7.3263,6.3498,,,1
7.3634,6.8538,,,1
6.5416,6.7278,,,1
10.5697,11.0766,4.8637,4.9639,2
8.7780,8.7949,,,1
10.0986,9.0940,,,1
6.9035,6.3040,,,1
7.5472,8.3772,,,1
9.9012,9.4807,,,1
6.9490,7.7871,,,1
10.3802,10.8112,7.3677,6.7873,2
8.5915,8.1619,,,1
7.9758,8.4795,,,1
9.0397,8.8266,,,1
10.7839,11.1312,,,1
9.2065,9.3160,,,1
7.5208,7.7322,,,1
9.8530,10.2130,,,1
8.0369,7.7809,,,1
9.2535,10.0028,,,1
5.7345,6.0909,,,1
9.0690,9.1004,,,1
10.3102,10.3910,,,1
8.2379,8.4024,,,1
0.3883,0.7261,,,1
8.0730,7.5033,,,1
9.1090,9.4948,,,1
9.3962,8.9405,,,1
9.3099,9.0476,,,1
7.5996,7.6085,,,1
8.6498,8.8965,,,1
9.4611,9.4463,,,1
8.4272,9.2995,,,1
10.0530,9.9913,,,1
10.3616,10.3718,,,1
10.4988,10.7326,5.5389,5.8723,2
9.9230,9.6695,,,1
7.9591,8.5462,,,1
8.3156,8.0601,4.4797,4.3036,2
7.2393,7.9964,,,1
7.7427,8.0133,,,1
9.9422,9.9877,,,1
7.8540,7.6360,,,1
7.3930,6.2562,,,1
7.7114,7.9778,,,1
7.5396,9.1937,,,1
7.7133,6.8314,,,1
10.1320,10.1105,,,1
2.7397,2.8253,12.1468,12.0068,2
2.8039,2.8505,6.9286,7.0470,2
5.6522,2.9998,8.4288,8.2296,2
8.7430,8.3907,,,1
8.3272,8.5240,,,1
5.5308,5.4079,,,1
8.8118,9.0474,,,1
7.8734,8.6087,,,1
10.0081,9.9254,,,1
8.5321,7.8532,,,1
7.7947,8.7059,5.7589,4.7002,2
8.0625,7.4624,,,1
9.9864,9.7499,,,1
8.4187,8.3413,,,1
8.6305,9.4065,,,1
5.2687,6.0819,,,1
10.3364,10.7860,,,1
8.3517,7.1542,,,1
8.1141,7.6047,,,1
7.2871,8.5304,,,1
1.1887,0.5256,,,1
3.8582,4.3435,6.9049,6.7240,2
8.9342,8.8955,,,1
8.4107,9.1454,,,1
10.6347,10.6695,,,1
9.3268,9.1782,,,1
8.6160,8.7824,,,1
9.7709,9.2618,,,1
9.8068,9.8678,,,1
9.6807,10.4438,,,1
8.0514,8.3545,,,1
7.2317,7.4674,,,1
11.2911,12.3273,,,1
8.4825,9.3117,6.1471,5.7251,2
9.4101,8.5100,5.5352,4.7493,2
7.6172,6.7167,,,1
8.4585,8.2886,,,1
9.0001,9.1362,,,1
8.5893,8.5382,,,1
7.7845,8.4831,,,1
7.4178,8.0189,,,1
6.8425,7.0644,,,1
8.9858,9.0744,,,1
7.1072,7.8224,,,1
7.9738,8.8101,,,1
9.8645,9.5175,,,1
7.6461,7.7745,,,1
8.2636,7.8622,,,1
8.9956,8.9722,,,1
8.3121,8.9528,,,1
8.6922,9.3577,,,1
8.2977,7.4136,,,1
7.8746,6.5065,,,1
7.9428,8.6531,,,1
7.8309,8.1849,,,1
6.1776,5.0843,,,1
5.6574,5.7451,,,1
5.3869,4.9771,,,1
9.2632,9.5416,,,1
6.0653,3.9399,,,1
6.4233,5.1326,5.9612,3.9538,2
8.0199,7.5588,,,1
7.4575,6.9009,,,1
8.1109,7.1713,,,1
10.7511,9.9039,,,1
6.8022,8.5294,,,1
8.2237,8.2769,,,1
7.2637,7.9815,,,1
7.3074,6.9504,,,1
9.6523,9.3490,,,1
7.6827,7.8494,,,1
9.9467,9.6123,,,1
8.2879,9.3869,,,1
8.6006,8.5577,,,1
9.7718,9.9903,,,1
6.9600,6.0755,,,1
7.2063,6.7225,,,1
7.3212,6.9977,,,1
8.6255,8.5371,,,1
8.0533,7.9935,,,1
7.1571,8.5583,,,1
8.2791,7.7946,,,1
7.6686,8.1734,,,1
8.6698,8.8552,,,1
7.6633,7.5656,,,1
8.1118,9.4184,,,1
8.1951,8.6556,,,1
9.4688,9.8519,,,1
9.0167,9.7116,,,1
8.6284,8.9781,,,1
8.4390,8.5574,,,1
4.7681,4.0030,,,1
11.2572,11.6205,5.9109,6.8286,2
7.2023,6.7348,,,1
9.2117,8.5955,,,1
12.0175,11.5269,,,1
9.1567,8.6849,,,1
7.9746,7.6636,,,1
8.6630,9.0397,,,1
6.4198,7.8506,,,1
2.7903,3.0361,6.4387,6.5481,2
7.7173,7.5586,,,1
9.8189,9.9154,,,1
9.2833,9.4704,,,1
8.3990,9.5372,,,1
5.8940,5.2669,,,1
9.5253,9.6159,,,1
9.3878,9.3560,,,1
10.2709,10.2282,,,1
5.9467,5.5869,,,1
6.5142,6.8392,,,1
7.2873,7.8874,,,1
7.3451,8.3730,,,1
10.0608,10.5422,,,1
10.0609,10.0883,,,1
9.3891,9.6440,,,1
5.7041,4.3836,,,1
7.5630,8.4936,,,1
12.2676,12.4530,,,1
6.6403,6.7759,7.1261,8.2985,2
9.0353,8.8069,,,1
10.5845,11.0612,,,1
6.2837,7.5148,,,1
8.0366,7.2252,,,1
2.5127,2.2082,8.3620,8.4669,2
7.9337,7.1872,,,1
7.7528,7.9460,,,1
10.0396,9.9121,,,1
6.9476,7.0700,,,1
7.8613,8.3739,,,1
7.7139,7.5519,,,1
7.2904,8.3694,,,1
7.8358,7.7954,,,1
7.0867,8.6332,,,1
10.8223,10.4094,,,1
5.9724,5.9607,,,1
7.2793,7.8691,,,1
7.7630,8.2636,,,1
9.2018,9.1924,,,1
9.1336,9.4543,,,1
7.5953,7.1012,,,1
8.0711,8.6218,,,1
11.9574,11.8075,,,1
7.6791,6.9444,4.3818,3.3392,2
4.8146,6.0855,,,1
9.6625,9.8065,,,1
9.0258,9.2935,,,1
0.7469,1.3124,,,1
8.5517,8.7396,,,1
8.9957,8.4935,,,1
6.8989,5.6002,,,1
6.4179,6.4699,,,1
7.6689,8.0085,,,1
8.1256,8.1540,,,1
8.7236,8.4462,,,1
9.5197,9.6642,,,1
3.6449,3.3454,10.3735,10.6525,2
7.7224,8.5804,,,1
10.9776,10.7002,,,1
7.8442,8.1313,,,1
9.5913,9.5257,,,1
6.9402,6.1753,,,1
7.8498,8.6500,,,1
5.0055,7.2743,,,1
12.1333,11.8781,4.2485,3.8024,2
8.2604,3.7797,,,1
9.3272,8.7728,,,1
7.6901,8.1366,,,1
4.4317,4.9304,,,1
6.1056,5.5516,,,1
9.8808,9.8975,,,1
8.2593,7.6613,,,1
7.4688,8.4053,,,1
9.0695,9.0302,,,1
9.1348,9.4167,,,1
8.9348,8.7982,,,1
8.6373,8.5376,,,1
8.8801,7.4476,,,1
9.1222,9.4289,,,1
7.9156,8.4676,,,1
10.0398,10.1278,,,1
7.8765,8.2822,,,1
8.8992,8.9102,,,1
7.1054,6.7322,,,1
10.0112,10.3724,,,1
0.4041,0.4933,,,1
7.8945,3.6217,,,1
6.6249,6.2855,,,1
3.6191,4.6185,,,1
4.4375,4.5909,,,1
3.2268,3.1474,6.7908,6.8581,2
8.0757,8.1791,,,1
8.1907,7.5664,,,1
10.6532,10.6417,,,1
6.9040,6.9631,,,1
9.3238,10.0930,,,1
2.4330,2.7839,11.4624,11.9039,2
10.7574,10.7443,,,1
8.6786,8.2591,,,1
9.3181,9.2608,,,1
8.3268,8.5459,,,1
8.9738,8.8721,,,1
4.5041,3.9260,,,1
8.4801,8.5557,,,1
4.2379,2.5086,7.4363,8.8042,2
8.2729,7.4705,4.1028,3.8622,2
6.3967,5.1388,,,1
6.9206,1.9158,,,1
8.2174,7.7876,,,1
10.4668,11.1587,,,1
10.7657,11.2253,,,1
7.5093,7.0472,,,1
7.8715,7.6065,,,1
4.7571,5.4634,,,1
6.8094,7.0513,,,1
6.5636,6.8471,,,1
6.9914,7.4604,,,1
7.9007,7.5006,,,1
8.3329,8.1699,,,1
8.2304,6.8107,,,1
8.2336,8.8412,,,1
10.1206,10.1097,,,1
6.0859,5.6107,,,1
8.0110,6.7111,,,1
8.9896,8.6527,7.1400,7.3671,2
10.3523,10.2241,,,1
10.0218,9.0775,,,1
3.5586,6.1533,7.0837,6.7187,2
3.0428,2.4560,6.4484,6.8589,2
9.2503,9.3957,,,1
11.3498,11.1791,,,1
10.3608,10.2049,,,1
8.4726,8.4676,,,1
6.9474,8.1634,,,1
7.3261,6.2571,,,1
6.5534,6.4895,,,1
8.0083,7.5202,,,1
9.2682,9.0951,,,1
10.5463,10.6927,,,1
8.7200,7.9489,,,1
9.5030,8.8575,,,1
12.3711,12.1632,,,1
9.5877,9.9739,,,1
7.1022,7.0187,,,1
7.0265,6.3953,,,1
9.9741,10.2797,,,1
6.8325,7.3492,,,1
8.1478,8.0496,,,1
7.4156,7.3672,,,1
5.8600,5.9478,,,1
6.5905,6.7233,,,1
10.0958,10.8105,,,1
8.0672,8.6547,,,1
4.5648,2.0630,8.3903,6.9204,2
8.1203,8.6076,,,1
5.2841,5.1464,,,1
7.0634,6.5010,,,1
6.2413,6.6148,,,1
8.4137,8.1658,4.5442,4.8103,2
9.5658,9.5756,,,1
9.8560,9.6222,,,1
9.8077,10.0208,,,1
8.7884,9.2656,,,1
8.4863,8.4559,,,1
7.7785,8.4400,,,1
8.6719,9.3295,,,1
8.1215,5.6989,,,1
8.2354,8.7319,,,1
8.1716,8.9361,,,1
12.1642,12.0207,,,1
5.8053,6.5845,,,1
7.5334,7.8356,,,1
12.3187,12.2069,,,1
8.2266,8.9355,,,1
8.0667,8.3765,,,1
9.3568,9.6122,,,1
8.5663,8.0095,,,1
7.3509,6.7013,,,1
4.1906,5.5425,6.7586,5.5883,2
8.0860,8.0129,,,1
7.8832,7.8777,,,1
10.1386,8.6985,,,1
8.1066,4.5089,,,1
8.3924,8.1204,,,1
9.5590,9.8204,,,1
8.2137,8.3963,,,1
10.3282,10.2979,,,1
8.5716,8.2796,,,1
6.8421,7.1794,,,1
8.6960,8.3789,,,1
10.3929,10.4659,,,1
7.8005,7.8016,,,1
6.6688,8.3731,,,1
9.4633,9.6303,,,1
8.4093,9.1034,,,1
8.8215,8.8992,,,1
8.8667,9.2674,,,1
10.0426,9.8004,,,1
8.4749,8.3158,,,1
10.8834,10.6509,,,1
9.0139,9.2960,,,1
8.5990,8.4052,,,1
8.3900,8.5949,,,1
9.6668,9.5220,4.5751,5.1069,2
8.8202,8.7748,,,1
3.1512,3.5376,6.3340,7.0197,2
7.6534,6.4097,,,1
7.0003,7.3158,,,1
9.7242,9.0669,5.0028,3.2709,2
6.0344,6.2459,,,1
10.0776,9.7947,,,1
9.4192,9.7299,6.6368,7.1496,2
11.6938,11.9050,,,1
7.8189,6.4846,,,1
7.7695,6.6335,,,1
8.3462,8.6254,,,1
8.0842,9.7841,,,1
11.6174,11.2015,6.2839,6.1819,2
9.0033,9.5190,,,1
7.5822,8.3112,,,1
7.5673,7.7188,,,1
4.3747,5.0230,,,1
9.4143,9.5216,,,1
7.6679,8.0951,,,1
9.2182,9.3099,,,1
5.8831,5.9960,,,1
7.9686,8.0837,,,1
10.0320,10.7220,,,1
7.7606,7.9260,,,1
5.6312,6.6611,,,1
11.9608,11.8344,,,1
11.0376,10.6771,8.1264,8.2987,2
9.5423,9.5211,,,1
7.2728,8.5317,,,1
8.1026,9.0437,,,1
0.6441,1.0373,,,1
11.1882,11.3879,,,1
8.4322,9.1726,,,1
9.5069,9.2518,,,1
8.6106,9.5062,,,1
7.9700,8.0573,,,1
6.6756,5.9134,,,1
8.6847,9.0484,,,1
6.7185,6.4951,,,1
6.7854,3.8997,,,1
9.9134,10.0243,,,1
2.4461,2.1458,7.9319,8.6228,2
1.4403,0.5237,,,1
9.6162,9.7356,,,1
10.0656,10.0854,,,1
8.4519,8.9577,,,1
8.4179,9.3491,,,1
9.4047,8.8917,,,1
7.9516,7.9432,,,1
8.1670,8.6890,,,1
10.6556,10.9910,,,1
11.6232,12.2663,6.4846,6.0068,2
7.6671,7.7509,,,1
7.7881,8.8046,,,1
7.6968,7.1319,,,1
10.7580,10.7257,,,1
9.7314,9.8170,,,1
9.2949,9.3809,,,1
8.3417,8.9672,,,1
7.1074,6.9494,,,1
2.7664,2.9178,9.5000,9.7874,2
9.0368,8.9458,,,1
10.3020,10.5444,,,1
9.7126,10.0589,,,1
8.2941,7.9182,,,1
9.1954,9.0407,,,1
11.3511,11.9751,,,1
7.0796,7.9063,,,1
9.7611,9.9876,,,1
6.3290,5.8786,,,1
9.7036,9.4941,,,1
7.6804,7.9272,,,1
9.8327,8.8589,,,1
9.8447,9.6282,,,1
7.0913,8.1093,,,1
10.3596,10.3448,,,1
8.4632,8.4128,,,1
9.0197,8.4704,,,1
8.0429,8.1799,,,1
7.3936,5.6498,,,1
11.2900,11.2805,,,1
8.1891,8.9903,,,1
10.3421,10.6642,,,1
8.0425,7.8556,,,1
11.6474,11.2283,,,1
9.8721,9.7405,,,1
6.6285,6.4642,,,1
6.6485,6.5167,,,1
1.3847,0.5335,,,1
8.0846,10.2275,6.2780,6.3425,2
0.4448,0.5613,,,1
8.5829,7.1227,,,1
8.8202,9.1343,,,1
10.0339,9.3958,,,1
7.4484,7.5238,,,1
10.0197,10.1053,,,1
7.2116,7.7246,,,1
5.5568,5.4488,,,1
7.9415,8.6310,,,1
12.2974,12.8442,7.3917,8.1600,2
8.9828,8.3828,,,1
8.6601,7.9251,,,1
7.7171,8.7805,,,1
8.6731,8.6737,,,1
6.7102,7.1516,,,1
9.2842,9.4325,6.7487,5.6276,2
9.8133,9.7076,,,1
8.2854,7.4948,,,1
8.4113,8.1434,,,1
8.3583,7.7963,,,1
9.8024,9.9066,,,1
6.7654,7.1616,,,1
8.1349,7.7920,,,1
7.6385,7.2141,,,1
11.3083,11.0156,,,1
10.0726,9.5445,,,1
7.6109,6.9882,,,1
6.9714,6.9323,,,1
8.2467,8.7509,,,1
6.7988,7.2517,,,1
8.1794,8.0994,,,1
8.6282,8.7842,,,1
0.4373,0.4896,,,1
3.0979,2.3145,8.2214,6.7867,2
10.7531,10.7972,,,1
8.2479,8.3154,,,1
8.4484,8.6470,,,1
9.8477,9.4257,,,1
7.6861,7.8457,,,1
9.2024,9.0109,,,1
5.0537,2.6091,7.5957,7.3251,2
11.4715,11.4750,,,1
9.1746,9.0765,,,1
7.1324,7.9646,,,1
6.3348,6.8897,11.0426,11.3208,2
7.0600,6.7360,,,1
7.7516,8.0536,,,1
9.7474,9.8717,,,1
5.9393,6.3437,,,1
7.3800,7.6499,,,1
5.9937,7.1339,,,1
8.0146,8.2530,,,1
9.4648,9.6080,,,1
12.3440,11.6296,5.8132,4.8393,2
7.0074,7.4893,,,1
8.8284,8.9309,,,1
8.1922,8.3016,,,1
11.5111,11.5985,,,1
8.7614,9.1871,,,1
7.5082,8.1197,,,1
4.9671,5.5110,,,1
8.0820,6.5779,,,1
8.8012,8.7467,,,1
8.5881,8.9296,,,1
8.7596,8.4961,,,1
9.2484,9.1951,,,1
7.0522,7.2899,,,1
6.8517,6.6836,,,1
7.6901,8.1748,,,1
6.6413,6.7228,,,1
8.2812,7.9438,,,1
11.9411,11.8048,,,1
8.0230,8.5387,,,1
10.0260,11.3526,5.0963,5.4864,2
3.7867,2.3196,6.0127,6.0854,2
7.4280,8.6899,,,1
10.8450,10.5879,,,1
11.5770,8.7044,6.2257,3.5598,2
11.0531,9.6203,,,1
8.5644,8.9874,,,1
7.6413,7.9016,,,1
8.8464,9.4850,,,1
7.9079,7.8877,,,1
8.5419,9.4683,,,1
8.7404,8.7439,,,1
6.4205,6.3705,,,1
6.1138,6.1281,,,1
9.7915,9.7380,,,1
8.7132,9.4269,,,1
6.2003,6.4592,,,1
7.7821,8.0662,,,1
8.2536,8.3344,,,1
8.7275,8.3430,,,1
9.7322,9.9430,,,1
7.7910,7.8081,,,1
11.6879,11.4328,,,1
7.2425,6.5582,,,1
9.8238,9.7929,,,1
11.8970,11.9791,,,1
7.2619,7.8409,,,1
8.4099,8.0080,,,1
12.6871,12.6232,,,1
6.2464,6.4676,,,1
8.3793,8.6688,,,1
8.8838,8.3642,,,1
7.3743,5.3505,,,1
7.2219,6.7348,,,1
10.5101,10.9161,,,1
8.2216,6.4902,,,1
8.4250,7.3834,,,1
2.3933,3.0285,5.8398,6.4206,2
8.8121,8.4636,,,1
7.5443,6.4965,,,1
4.3216,4.3992,8.0112,8.3753,2
7.6381,7.8484,,,1
7.6081,6.7931,,,1
6.6921,7.0251,,,1
7.9878,9.2960,,,1
10.2561,10.3834,,,1
9.9195,9.8751,,,1
9.3998,8.8088,,,1
6.0554,6.5710,,,1
8.3143,8.9413,,,1
9.9203,10.5223,,,1
0.6100,0.7849,,,1
7.9389,8.3519,,,1
6.0449,6.9763,,,1
9.2827,9.4765,,,1
8.5034,8.2944,,,1
8.4398,8.2851,,,1
7.2495,7.3032,,,1
8.9056,9.0229,,,1
6.3979,4.6173,,,1
7.7681,5.4732,,,1
7.3900,6.7538,,,1
7.6376,7.0237,,,1
9.8076,9.8398,,,1
11.1518,11.3162,,,1
10.2357,10.2559,,,1
8.7241,8.8880,,,1
8.4402,7.6482,,,1
8.9329,7.5719,,,1
7.9163,6.2021,,,1
9.7313,9.7155,,,1
9.5326,9.4666,,,1
8.4393,7.9172,,,1
11.2118,10.4343,,,1
10.7109,4.4440,,,1
7.7620,7.7722,,,1
7.4078,3.5160,,,1
9.7169,9.9900,,,1
10.5324,10.7004,,,1
6.0409,7.4423,,,1
7.6914,8.4036,,,1
9.5800,9.7853,,,1
6.0165,6.7955,,,1
3.8478,3.5108,10.6261,12.0621,2
8.4609,4.2131,9.8333,11.6404,2
8.5115,9.5732,,,1
7.4584,7.1940,,,1
8.5421,8.7127,,,1
7.1312,8.1274,,,1
8.3689,8.4198,,,1
9.2323,9.1912,,,1
7.7278,7.5765,,,1
6.7599,6.0876,6.7732,7.2058,2
8.3396,8.1654,,,1
7.9106,8.3872,,,1
8.2717,8.3569,,,1
6.9768,6.2990,,,1
7.6005,8.8880,,,1
7.5107,8.5601,,,1
8.1930,7.4629,,,1
8.6648,9.0726,,,1
9.0181,9.1114,,,1
9.3891,8.5206,,,1
9.4821,9.5018,,,1
7.0807,8.9002,,,1
7.7235,6.7871,,,1
10.3309,9.9886,,,1
11.6158,12.1525,,,1
9.7984,9.5213,,,1
0.5988,1.5768,,,1
9.6121,9.4403,,,1
9.8934,10.3666,,,1
7.5318,7.3355,,,1
8.8871,8.8380,,,1
7.3189,4.4591,,,1
8.3327,7.1703,,,1
7.5660,8.6797,,,1
6.2373,6.2936,,,1
9.9565,10.0008,,,1
8.5025,8.7882,,,1
7.6600,8.0516,,,1
7.2913,6.3669,,,1
5.8219,3.7667,,,1
10.7225,10.3720,,,1
6.9561,7.5200,,,1
8.4267,7.1299,,,1
8.3319,8.5806,,,1
8.8440,5.9648,,,1
8.7321,8.9034,,,1
8.3116,8.0146,,,1
7.9875,8.7799,,,1
8.7507,8.6283,,,1
9.3647,12.7915,2.3210,7.2200,2
9.1349,8.9842,,,1
7.6751,8.1123,,,1
10.8728,10.6840,,,1
7.4778,8.6921,,,1
12.5804,12.3736,2.7673,3.1299,2
12.4546,12.5899,,,1
9.6496,10.3473,,,1
12.2486,12.6266,,,1
7.2830,7.2207,,,1
6.2771,5.9244,,,1
8.8522,8.6091,,,1
9.8742,10.0876,,,1
5.5625,5.3447,,,1
7.9710,7.6296,,,1
8.0845,8.1059,,,1
10.0930,10.0633,,,1
5.8962,5.6214,,,1
7.2184,7.9018,,,1
8.4795,9.0098,,,1
8.5884,9.1101,,,1
7.4740,5.3075,,,1
9.5527,9.6083,,,1
11.4484,11.2336,,,1
8.0312,6.8696,,,1
8.9243,7.2826,,,1
10.2244,10.1309,5.2466,4.3038,2
6.8557,7.7376,,,1
7.7142,8.4668,,,1
9.3091,10.1201,,,1
10.0527,10.2570,,,1
11.7898,11.4674,,,1
8.2675,7.6525,,,1
8.1504,7.0063,,,1
4.4406,5.2596,,,1
6.6631,7.5864,,,1
9.3226,7.8487,,,1
5.6791,6.0739,,,1
8.4998,9.1250,,,1
8.3111,8.7575,,,1
7.3328,9.1173,,,1
9.6475,10.2696,7.0042,7.0818,2
8.1795,8.5232,,,1
6.4064,6.9180,,,1
8.8738,8.9069,,,1
9.4759,9.3911,,,1
9.2960,9.1918,,,1
7.2411,7.4386,,,1
9.2705,8.3524,,,1
7.5746,7.9720,,,1
7.6890,7.9557,,,1
5.6016,5.6953,,,1
11.9290,12.8135,6.6122,7.0217,2
8.9840,8.6969,,,1
9.6417,9.7910,,,1
8.3707,7.4419,,,1
11.0779,9.9748,,,1
12.8549,12.9555,,,1
11.7345,11.6689,,,1
8.6433,8.7735,,,1
9.6120,9.7692,,,1
8.1572,7.5525,,,1
8.0419,8.7459,,,1
9.4917,9.4451,,,1
11.4775,10.6970,,,1
8.1157,7.3814,,,1
6.6980,6.7865,,,1
8.2495,7.6147,,,1
6.5804,7.0337,,,1
7.7547,7.7835,,,1
6.1429,5.3013,,,1
9.2928,9.8951,,,1
8.0660,1.0394,,,1
11.2176,11.2098,,,1
6.9300,6.7088,,,1
9.7346,9.9180,,,1
10.6936,10.7646,,,1
9.9357,9.2605,,,1
7.2192,7.0928,,,1
9.5056,9.1697,,,1
9.7280,9.7236,,,1
8.7148,7.2045,5.5360,3.9526,2
5.8187,5.4900,,,1
4.8809,1.9248,7.2505,5.2623,2
8.2667,8.2525,8.2641,9.8393,2
9.1898,9.3488,,,1
9.8210,9.8154,,,1
7.8548,8.6981,,,1
11.6167,11.3588,,,1
9.6311,8.8605,,,1
7.0294,5.5482,,,1
7.9892,8.9876,,,1
9.3614,9.2574,,,1
7.4902,6.9312,,,1
3.8797,3.5193,7.2227,6.1307,2
7.5798,7.9437,,,1
9.6724,9.6502,,,1
6.4234,6.8306,,,1
8.2774,7.8670,,,1
9.7572,9.7100,,,1
3.7444,2.5003,8.3004,8.7531,2
6.8396,8.7232,,,1
7.5841,6.7970,,,1
7.3189,5.0923,,,1
9.1146,9.0391,,,1
8.8060,8.7328,,,1
7.8319,7.7453,,,1
8.0536,8.3910,,,1
8.2135,7.4854,,,1
10.1199,10.6894,6.3981,9.6271,2
10.5166,10.5068,,,1
9.9531,10.0367,,,1
6.1943,6.1782,,,1
9.3738,9.1739,,,1
8.7979,8.9769,,,1
10.1557,10.3238,,,1
6.0250,6.1705,,,1
6.8615,6.5471,,,1
8.8609,8.8574,,,1
8.6448,9.0674,,,1
7.5190,7.7884,,,1
7.6539,7.5293,,,1
11.3304,11.6974,,,1
9.4535,9.6061,,,1
8.5667,8.8307,,,1
9.2830,9.2644,,,1
8.8970,8.5628,,,1
10.3080,10.5874,,,1
9.8978,8.4527,4.5830,3.3725,2
9.9678,9.7636,,,1
6.9984,7.0793,,,1
10.1486,9.9584,,,1
11.3875,11.6415,,,1
7.1433,6.0128,,,1
8.9036,8.9423,,,1
9.2857,9.0521,,,1
13.1927,13.4086,4.9539,3.8264,2
8.9366,8.9672,,,1
10.0071,9.8701,,,1
13.6117,13.9442,4.2210,4.5488,2
9.9135,9.9583,,,1
9.5835,9.9360,,,1
9.1304,9.2649,,,1
8.0068,6.2826,,,1
9.5782,9.1920,,,1
8.6488,8.2425,,,1
7.4725,7.6254,,,1
9.2677,9.9207,,,1
8.3304,8.9313,,,1
6.2356,8.0521,,,1
7.5403,7.8582,,,1
9.6547,9.1646,,,1
8.6078,9.3650,,,1
7.0349,6.9357,,,1
8.2797,8.1480,,,1
8.2958,8.6716,,,1
7.1053,8.0793,,,1
9.7266,9.9225,,,1
9.9277,10.2006,,,1
9.9390,10.2324,,,1
9.4961,9.2212,,,1
9.9745,9.9424,,,1
5.7765,2.8270,8.2417,9.6231,2
8.4001,8.5667,,,1
8.7042,8.0390,,,1
6.3269,6.4835,,,1
7.8840,8.9529,,,1
9.7113,10.1799,,,1
6.2952,7.2349,,,1
7.5136,7.0975,,,1
9.2008,8.6527,,,1
6.5121,6.7368,,,1
7.4466,7.6642,,,1
8.1031,8.4972,,,1
9.8018,7.3480,5.3345,4.8214,2
10.3117,10.3167,,,1
6.0182,4.9217,,,1
8.6543,4.7660,,,1
6.9300,7.2635,,,1
9.5207,10.3333,5.3415,5.2632,2
9.6034,9.8306,,,1
7.5181,8.2513,,,1
9.3483,9.3485,,,1
9.0365,8.4847,,,1
8.1134,8.0227,,,1
8.8776,9.1472,6.2026,5.8606,2
6.2784,7.7368,,,1
7.5935,8.4149,,,1
8.1080,8.2221,,,1
8.9426,9.5480,,,1
7.4361,9.4133,,,1
9.1189,8.4740,5.2849,4.7232,2
9.7211,11.3457,6.1108,4.0500,2
7.9866,8.3540,,,1
10.1006,10.7227,,,1
2.8913,2.7421,8.7759,8.8080,2
5.2586,6.0163,,,1
7.7326,7.4446,,,1
8.1874,5.8383,,,1
10.3462,10.4054,,,1
2.5561,2.4139,9.3075,8.9389,2
-0.0501,0.9844,,,1
9.9911,9.8418,,,1
7.0264,7.9539,,,1
5.8591,6.3084,,,1
11.3715,11.1003,,,1
7.6778,6.8558,,,1
7.6146,7.5171,,,1
11.6721,11.8801,6.1486,6.0166,2
9.5624,9.6243,,,1
7.2475,7.6825,,,1
9.6175,9.2886,,,1
3.9789,3.8974,6.7539,6.7599,2
9.7290,9.4334,,,1
7.8742,5.7986,,,1
9.8415,9.8532,,,1
7.8783,7.8476,,,1
10.0851,10.0639,,,1
8.3696,8.9354,,,1
5.7113,4.4539,,,1
6.9643,8.1166,,,1
6.2755,4.8062,,,1
12.4918,12.7370,,,1
7.6809,8.1156,,,1
5.9563,4.4735,6.0519,7.7151,2
7.2561,7.3268,,,1
9.3416,9.4714,,,1
9.7865,9.2812,,,1
7.9514,7.8911,,,1
7.3442,3.0243,,,1
5.9610,6.9024,,,1
9.1713,8.9210,,,1
8.2406,8.8368,,,1
6.0336,5.7215,,,1
9.1673,9.3504,,,1
9.1425,9.3663,,,1
8.9400,7.7475,,,1
11.2205,10.6007,,,1
9.9093,9.8104,,,1
8.4212,7.6522,,,1
9.1978,9.2799,,,1
7.3830,7.3912,,,1
9.4160,9.3987,,,1
8.8348,8.6956,,,1
9.5731,9.6315,,,1
10.9115,12.2158,7.4569,7.9551,2
7.7539,7.3592,,,1
12.1743,11.4576,5.5474,4.0736,2
5.9642,5.6531,,,1
12.4454,12.5548,,,1
8.9588,8.7038,,,1
7.9367,7.5325,,,1
7.7189,7.7822,,,1
8.7384,9.0362,,,1
9.0083,8.2946,,,1
9.3462,8.9789,,,1
11.2767,11.0749,,,1
4.2922,5.4974,,,1
8.5939,7.7243,,,1
9.9337,10.3750,,,1
5.5478,5.9298,,,1
7.1489,6.3844,,,1
9.7604,9.9546,,,1
9.5600,9.4885,,,1
5.7021,7.6072,,,1
10.0095,9.8116,,,1
8.2501,7.7810,,,1
7.7078,7.5038,,,1
9.1947,8.8233,,,1
8.1968,7.8082,,,1
8.2472,8.5723,,,1
7.8986,7.4854,,,1
8.3089,7.4223,,,1
12.4812,12.5221,,,1
10.2273,11.7234,5.2652,4.3424,2
6.5506,7.1217,,,1
3.4605,3.0365,7.5939,8.9139,2
5.9564,5.4665,,,1
9.3040,9.2831,,,1
4.2271,4.4612,7.5215,7.8400,2
8.0994,8.7158,,,1
8.7623,8.4705,,,1
7.9348,7.5285,,,1
9.4802,9.3752,,,1
0.5083,0.7049,,,1
6.5884,7.1006,,,1
7.5624,7.8690,,,1
7.1017,6.7705,,,1
7.4101,7.5390,,,1
2.8861,2.6664,9.0837,9.0755,2
10.0215,10.2535,,,1
7.7555,8.1866,,,1
6.8177,7.1694,,,1
5.4247,3.5180,6.5537,6.7716,2
9.6228,9.7408,,,1
5.6322,5.9158,,,1
6.6250,2.8314,9.5222,11.2983,2
6.9540,4.2918,,,1
8.2282,7.7735,,,1
10.3401,10.4901,,,1
8.7778,10.3093,3.8908,5.0990,2
6.9580,7.0204,,,1
9.7441,9.5922,,,1
7.2263,7.4113,,,1
11.1901,10.2698,,,1
6.7727,7.1087,,,1
7.0910,7.4743,,,1
7.4460,7.9101,,,1
9.4607,9.1077,,,1
7.4377,8.7236,,,1
8.7883,8.6131,,,1
9.2505,9.6113,,,1
6.4838,8.3317,,,1
3.0397,3.3898,6.3099,6.5495,2
9.6874,9.2818,,,1
7.3697,7.8152,,,1
9.9048,9.9343,,,1
9.4698,9.4213,,,1
6.4574,4.7641,,,1
7.7415,7.6388,,,1
9.1941,9.7088,,,1
8.5817,7.7096,,,1
7.5609,7.5689,,,1
7.4229,6.4374,,,1
7.9335,8.8582,7.6061,4.1835,2
8.8381,9.3913,,,1
12.6580,12.3986,,,1
8.1438,8.4866,,,1
7.7687,6.7611,,,1
9.5941,8.8740,,,1
9.1324,9.1799,,,1
6.8664,6.9199,,,1
9.9849,9.5788,,,1
10.7363,11.1283,,,1
5.5558,6.4742,6.2172,5.1436,2
7.6454,8.3872,,,1
8.4967,9.2545,,,1
7.9221,8.3398,,,1
12.5449,12.5964,,,1
9.2552,9.0937,,,1
9.8955,10.1430,,,1
8.8920,9.2243,,,1
8.0139,8.5082,,,1
10.6520,10.3622,,,1
7.3011,7.2693,,,1
4.9856,4.1067,,,1
8.3805,8.9469,,,1
6.3220,7.1040,,,1
9.7011,9.8710,,,1
7.2287,7.9844,,,1
8.2079,8.0752,,,1
8.2656,8.5864,,,1
6.2049,6.8485,,,1
1.0161,0.7420,,,1
8.8780,8.8266,,,1
8.6221,9.0203,,,1
7.8239,7.7233,,,1
9.2574,8.8107,,,1
9.0402,7.6509,,,1
2.7946,1.7309,7.4865,7.7852,2
0.7363,1.2603,,,1
7.8181,7.6952,,,1
7.3121,7.8523,,,1
8.6345,8.3432,,,1
10.8718,11.1951,,,1
8.9882,8.9710,,,1
9.7431,9.2103,,,1
9.2452,9.1553,,,1
7.6634,7.5508,,,1
7.8455,6.9510,,,1
8.9743,9.0044,,,1
11.0536,10.9182,,,1
7.7716,7.1646,,,1
8.3710,8.7525,,,1
11.6937,11.8595,,,1
8.7474,9.1212,,,1
8.0737,8.3137,,,1
7.2146,8.8787,,,1
5.5154,5.4496,,,1
8.6424,8.4445,,,1
7.9444,8.1702,,,1
0.7294,0.6486,,,1
9.0678,7.9499,,,1
7.8636,8.1794,,,1
9.9988,9.7889,,,1
9.2731,8.8890,,,1
9.0315,8.8225,,,1
7.5352,6.9027,,,1
9.3373,9.2399,,,1
9.7052,9.6809,,,1
7.6911,7.7353,,,1
6.8586,7.2940,,,1
9.7800,9.8880,,,1
8.2292,8.2368,,,1
7.9956,8.4495,,,1
7.7364,7.8672,,,1
9.2364,9.2130,,,1
8.3111,8.9140,,,1
5.9706,4.3454,,,1
10.2993,10.9724,,,1
9.1069,9.5606,,,1
7.2430,7.1452,,,1
7.1991,6.8863,,,1
8.7510,8.7958,,,1
3.3844,2.1851,8.0888,8.3951,2
7.9545,8.7735,,,1
9.0973,8.2422,,,1
9.8932,10.0588,3.7887,3.9750,2
9.9587,9.7716,,,1
9.2606,9.5587,,,1
8.0993,6.7554,,,1
10.8213,11.8599,,,1
9.9302,9.9443,,,1
6.6250,7.1566,,,1
8.5023,9.0668,4.0577,4.5755,2
11.4004,11.6036,,,1
9.1794,9.2352,,,1
7.4016,7.5402,,,1
6.0001,6.5874,,,1
8.7194,7.9010,,,1
6.0532,8.3402,,,1
9.2999,9.2602,,,1
8.9525,9.2690,,,1
11.0961,10.7667,,,1
9.2751,9.5599,,,1
8.4302,8.4563,,,1
5.4776,5.1055,,,1
7.9090,9.0249,,,1
7.1524,8.2754,,,1
6.9888,7.1065,,,1
9.2372,9.3752,,,1
8.6296,8.6017,,,1
8.6453,8.8449,,,1
10.2345,9.6324,6.4060,4.7598,2
10.0456,9.2613,4.9432,6.3901,2
6.0775,5.1380,,,1
8.9014,9.5975,,,1
7.0939,7.9255,,,1
9.6833,9.8962,,,1
7.8876,7.8089,,,1
9.7267,9.8139,,,1
7.6829,8.0624,,,1
8.8548,4.6338,,,1
5.2693,4.4344,,,1
10.1989,10.4252,,,1
8.2331,8.4830,,,1
9.9678,9.7572,,,1
10.0667,10.2226,,,1
11.2660,11.2006,,,1
7.8831,7.4114,,,1
7.2394,7.0225,,,1
9.9801,9.7650,,,1
7.6065,8.3848,,,1
9.5881,9.2026,,,1
9.6435,8.9760,,,1
9.5809,9.2103,,,1
8.0000,7.7831,,,1
8.3669,8.0160,,,1
11.3774,11.1168,,,1
8.8344,8.6368,,,1
8.7740,8.4615,,,1
7.3657,8.2553,,,1
6.1130,6.5178,,,1
7.8171,7.1545,,,1
6.8873,7.6862,,,1
8.7110,9.6241,,,1
9.4769,9.0933,,,1
7.7788,8.5215,,,1
10.5391,10.3304,,,1
9.3798,9.6326,,,1
6.6478,6.6239,,,1
8.3088,7.4241,,,1
9.7058,9.4916,,,1
8.5426,8.7366,,,1
7.7150,7.8404,,,1
7.1868,6.2034,,,1
9.4169,9.6966,,,1
8.8780,8.9398,,,1
7.5327,8.1081,,,1
6.7009,6.6338,,,1
10.1207,9.0483,6.1669,6.6140,2
5.8320,5.9568,,,1
11.4505,11.7424,6.6315,6.6671,2
9.2762,9.2293,,,1
8.6590,9.0199,,,1
10.4362,10.4531,,,1
9.9182,9.9045,,,1
10.3382,10.0752,,,1
9.6872,9.9361,,,1
5.9686,5.2920,,,1
6.6652,6.8965,,,1
5.9058,5.4768,,,1
6.4761,6.5508,,,1
8.7082,8.3359,,,1
10.0048,9.9267,,,1
7.7563,8.2271,,,1
8.2215,8.1884,,,1
10.0532,9.9386,,,1
7.7168,5.4661,,,1
7.2266,8.1068,,,1
9.7376,9.2748,,,1
5.9127,5.7213,,,1
8.1338,5.4080,,,1
8.5474,8.3895,,,1
10.3622,10.6438,,,1
9.3845,9.7115,,,1
9.4857,9.4996,,,1
7.6086,8.0256,,,1
6.2018,4.4721,,,1
9.0357,9.0208,,,1
2.3250,2.5420,9.2043,9.6126,2
7.5430,7.0788,,,1
6.4848,6.1952,,,1
8.0531,7.9952,,,1
8.3596,8.0680,,,1
9.8620,9.6920,,,1
9.5650,9.7412,,,1
7.5145,7.5418,,,1
11.3468,12.3016,,,1
9.1023,9.1461,,,1
7.2539,7.4094,,,1
7.1348,7.1228,,,1
6.6345,7.9356,,,1
6.5778,6.7670,,,1
6.9264,8.6851,,,1
6.4818,6.6243,,,1
9.2462,9.0959,,,1
8.1958,8.0973,,,1
10.0021,10.3594,,,1
11.8600,11.9419,,,1
2.6806,2.3960,9.4657,10.7193,2
6.3963,7.3198,,,1
2.8004,2.2579,9.1863,8.5637,2
7.1416,7.0004,,,1
10.8130,10.8264,,,1
7.4649,6.1669,,,1
10.5019,10.0990,,,1
10.1242,9.9198,,,1
8.7803,8.2183,,,1
10.4749,10.2490,5.2353,5.2210,2
9.3059,9.4741,,,1
10.2840,10.6717,,,1
8.1485,7.1039,,,1
8.5584,8.5728,,,1
8.9483,9.1156,,,1
11.1330,13.5143,6.7248,8.3555,2
7.9481,7.3658,,,1
8.2115,8.1187,,,1
6.8593,6.8568,,,1
7.7847,6.4465,,,1
7.5568,6.9638,,,1
8.2733,8.6726,,,1
8.4763,7.1048,,,1
0.7403,0.6946,,,1
4.0417,5.1215,,,1
11.5432,11.4384,,,1
7.1260,6.2245,,,1
7.6767,9.4259,,,1
9.4219,9.0279,,,1
9.7358,9.3496,,,1
6.0189,6.6497,9.9998,10.9767,2
7.4335,7.8546,,,1
7.9571,8.0783,,,1
5.7022,6.5930,5.9988,6.7245,2
7.7700,7.9639,,,1
10.2255,10.1422,,,1
9.1498,9.3330,4.5364,4.0742,2
8.2755,7.9536,,,1
8.2209,7.4485,,,1
9.8561,9.8205,,,1
8.8546,9.0321,,,1
7.1114,7.6849,,,1
3.4282,3.5558,6.6686,6.3706,2
9.2126,8.9918,,,1
10.4742,10.4880,,,1
8.6394,8.6213,,,1
9.9212,9.7193,,,1
7.0735,8.9401,,,1
8.3465,8.8179,,,1
9.9572,9.7854,,,1
7.7968,6.9900,,,1
9.3617,9.2246,,,1
6.1100,6.5271,,,1
6.1685,5.8790,,,1
8.6611,9.2637,,,1
7.8095,7.8954,,,1
7.3731,7.0440,,,1
10.0191,10.5407,,,1
7.8936,7.7748,,,1
9.6847,10.1833,,,1
10.5676,10.6345,,,1
11.5614,10.6197,,,1
9.9458,10.1440,,,1
10.4618,10.8425,,,1
7.4246,8.3257,,,1
6.7398,5.9501,,,1
7.6747,8.1630,,,1
12.4522,12.4551,,,1
7.7915,7.7987,,,1
7.9863,7.5620,,,1
10.6906,10.8895,,,1
8.2415,8.2018,,,1
9.6690,9.7323,,,1
9.9853,9.8186,,,1
3.1678,2.5392,6.1078,6.2783,2
7.7510,6.4647,,,1
8.4142,9.1306,,,1
7.5196,7.4197,,,1
9.3008,9.5139,,,1
3.6977,3.8815,,,1
9.5029,9.1565,,,1
8.5525,0.7127,,,1
8.0913,8.4290,,,1
11.0725,11.0124,,,1